"","mediumpurple3","yellow","magenta","turquoise","grey60","cyan","orangered4","black","green","brown","blue","orange","darkred","sienna3","navajowhite2","steelblue","red","tan","darkmagenta","pink","greenyellow","darkgrey","darkorange","yellowgreen","skyblue","salmon","darkturquoise","plum2","darkorange2","royalblue","honeydew1","darkolivegreen","saddlebrown","purple","lightcyan","salmon4","thistle1","plum1","lightgreen","lightcyan1","floralwhite","lightpink4","white","ivory","brown4","paleturquoise","violet","midnightblue","darkslateblue","palevioletred3","lightyellow","darkgreen","lightsteelblue1","skyblue3","bisque4","thistle2","lavenderblush3","maroon"
"Vitvi00g04005",0.00854700854700855,0.0200945626477541,0,0,0,0,0,0,0,0,0.000266737796745799,0,0,0,0,0,0,0,0,0,0,0,0,0,0,0.0319148936170213,0,0,0,0,0,0,0,0,0,0,0,0,0,0,0,0,0,0,0,0,0,0,0,0,0,0,0,0,0,0,0,0
"Vitvi00g04500",0,0,0,0,0,0,0,0,0.00121359223300971,0,0,0,0,0,0,0,0,0,0,0,0,0,0,0,0,0,0,0,0,0.00404858299595142,0,0,0.167630057803468,0,0,0,0,0,0,0,0,0,0,0,0,0,0,0,0,0,0,0,0,0,0,0,0,0
"Vitvi00g04634",0.00813008130081301,0,0,0,0,0,0,0,0,0,0.000266311584553928,0,0,0,0,0,0,0,0,0,0,0,0,0,0,0,0,0,0,0,0,0,0.202312138728324,0,0,0,0,0,0,0,0,0,0,0,0,0,0,0,0,0,0,0,0,0,0,0,0,0
"Vitvi00g04728",0,0,0,0,0,0,0,0,0.00120627261761158,0,0,0,0,0,0,0,0,0,0,0,0,0,0,0,0,0,0,0,0,0.012,0,0,0.182857142857143,0,0,0,0,0,0,0,0,0,0,0,0,0,0,0,0,0,0,0,0,0,0,0,0,0
"Vitvi01g00463",0,0,0,0.00742574257425743,0,0,0,0,0,0,0,0,0,0,0,0,0,0,0,0.0075642965204236,0,0,0,0,0,0,0,0,0,0,0,0,0,0.00172711571675302,0.0825396825396825,0,0,0,0,0,0,0,0,0,0,0,0,0.0176991150442478,0,0,0,0,0,0,0,0,0,0
"Vitvi01g00508",0,0.00234009360374415,0,0,0,0,0,0,0,0.00115942028985507,0.120300751879699,0,0,0,0,0,0,0,0,0,0,0,0,0,0,0,0,0,0,0,0,0,0,0,0,0,0,0,0,0,0,0,0,0,0,0,0,0,0,0,0,0,0,0,0,0,0,0
"Vitvi01g00612",0,0,0,0.0182786157941437,0,0,0,0,0.0189520624303233,0,0,0,0,0,0,0,0,0,0,0,0,0,0,0,0,0,0,0,0,0,0,0,0,0,0,0,0,0,0,0,0,0,0,0,0,0,0,0,0,0,0,0,0,0,0,0,0,0
"Vitvi01g00656",0,0,0,0.233439603258944,0,0,0,0,0.000935453695042095,0,0,0,0,0,0,0,0.000986679822397632,0.0123239436619718,0,0,0.00173110213502597,0,0,0,0,0,0,0,0,0,0,0,0,0,0,0,0,0,0,0,0,0,0,0,0,0,0,0,0,0,0,0,0,0,0,0,0,0
"Vitvi01g01038",0,0.00191387559808612,0,0,0,0,0,0,0,0.00134498991257566,0.0544090056285178,0,0.00700934579439252,0,0,0,0,0,0,0.00125,0,0,0,0,0,0,0.00959232613908873,0,0,0,0,0,0,0,0,0,0,0,0,0,0,0,0,0,0,0,0,0,0,0,0,0,0,0,0,0,0,0
"Vitvi01g01701",0,0,0,0.000529287226534933,0,0,0,0,0,0,0,0,0,0,0,0,0,0,0,0.0289855072463768,0,0,0,0,0,0,0,0,0,0,0,0,0,0.00362976406533575,0.105633802816901,0,0,0,0,0,0,0,0,0,0,0,0,0,0,0,0,0,0,0,0,0,0,0
"Vitvi01g04056",0,0,0,0.0111966410076977,0,0,0,0,0.114219114219114,0,0,0,0,0,0,0,0,0,0,0,0,0,0,0,0,0,0,0,0,0,0,0,0,0,0,0,0,0,0,0,0,0,0,0,0,0,0,0,0,0,0,0,0,0,0,0,0,0
"Vitvi01g04115",0,0,0,0.00725663716814159,0,0,0,0,0,0,0,0,0,0,0,0,0.00132450331125828,0,0,0.00457317073170732,0,0,0,0,0,0,0,0,0,0,0,0,0,0,0.0774193548387097,0,0,0,0,0,0,0,0,0,0,0,0,0.0119760479041916,0,0,0,0,0,0,0,0,0,0
"Vitvi01g04132",0,0,0,0.00017749378771743,0,0,0,0,0,0,0,0,0,0,0,0,0,0,0,0,0,0,0,0,0,0,0,0,0,0,0,0,0,0,0,0,0,0,0.00404858299595142,0,0,0,0,0,0,0,0,0,0,0,0.0675675675675676,0,0,0,0,0,0,0
"Vitvi02g00032",0,0,0,0.181689141234918,0,0,0,0,0,0,0,0,0,0,0,0,0.00232423009877978,0.00995024875621891,0,0,0,0,0,0,0,0,0,0,0,0,0,0,0,0,0,0,0,0,0,0,0,0,0,0,0,0,0,0,0,0,0,0,0,0,0,0,0,0
"Vitvi02g00056",0.094488188976378,0.00454545454545455,0.0125,0,0,0,0,0,0,0,0.000530644733351021,0,0,0,0,0,0,0,0,0,0,0,0,0,0,0,0,0,0,0,0,0,0,0,0,0,0,0,0,0,0,0,0,0,0,0,0,0,0,0,0,0.1125,0,0,0,0,0,0
"Vitvi02g00086",0,0,0,0.0115330021291696,0,0,0,0.00545702592087312,0.0138728323699422,0,0,0,0,0,0,0,0.00130718954248366,0,0,0,0.00211864406779661,0,0,0,0,0,0,0,0,0,0,0,0,0,0,0,0,0,0,0,0,0,0,0,0,0,0,0,0,0,0,0,0,0,0,0,0,0
"Vitvi02g00429",0,0.00463320463320463,0,0,0,0,0,0,0,0.00172413793103448,0.122487268828732,0,0.00439882697947214,0,0,0,0,0,0,0,0,0,0,0,0,0,0,0,0,0,0,0,0,0,0,0,0,0,0,0,0,0,0,0,0,0,0,0,0,0,0,0,0,0,0,0,0,0
"Vitvi02g00446",0,0.0239316239316239,0,0,0,0,0,0,0,0.00061012812690665,0.0887526652452026,0,0,0,0,0,0,0,0,0,0,0,0,0,0,0,0.00704225352112676,0,0,0,0,0,0,0,0,0,0,0,0,0,0,0,0,0,0,0,0,0,0,0,0,0,0,0,0,0,0,0
"Vitvi02g01355",0,0,0,0.0488495575221239,0,0,0,0,0,0,0,0,0,0,0,0,0,0.0361990950226244,0,0,0.00867052023121387,0.00397614314115308,0,0,0,0,0,0,0,0,0,0,0,0,0,0,0,0,0,0,0,0,0,0,0,0,0,0,0,0,0,0,0,0,0,0,0,0
"Vitvi02g01360",0,0,0,0.00284596229099964,0,0,0,0,0.00493827160493827,0,0,0,0,0,0,0,0,0,0,0,0,0,0,0,0,0,0,0,0,0,0,0,0,0,0,0,0,0,0,0,0,0,0,0,0,0,0,0,0,0,0,0,0,0,0,0,0,0
"Vitvi02g04106",0,0.0145395799676898,0,0,0,0,0,0,0,0.00413956238911887,0.106275033377837,0,0,0,0,0,0,0,0,0,0,0,0,0,0,0,0.00158982511923688,0,0,0,0,0,0,0,0,0,0,0,0,0,0,0,0,0,0,0,0,0,0,0,0,0,0,0,0,0,0,0
"Vitvi03g00318",0,0,0,0,0,0,0,0.00305343511450382,0,0,0,0,0,0,0,0,0,0,0,0,0,0,0,0,0,0,0,0,0,0,0,0,0,0,0,0,0,0,0,0,0,0,0,0,0,0,0,0,0,0,0,0,0,0.00900900900900901,0,0,0,0
"Vitvi03g00692",0,0,0,0.0706028810243642,0,0,0,0,0.0016750418760469,0,0,0,0,0,0,0,0,0.00128205128205128,0,0,0.00253164556962025,0,0,0,0,0,0,0,0,0,0,0,0,0,0,0,0,0,0,0,0,0,0,0,0,0,0,0,0,0,0,0,0,0,0,0,0,0
"Vitvi03g00752",0,0,0,0.00335392762577229,0,0,0,0,0,0,0,0,0,0,0,0,0,0,0,0,0,0,0,0,0,0,0,0,0,0,0,0,0,0,0.0514469453376206,0,0,0,0,0,0,0,0,0,0,0,0,0.103333333333333,0,0,0,0,0,0,0,0,0,0
"Vitvi03g01258",0,0,0,0.000176678445229682,0,0,0,0,0,0,0,0,0,0,0,0,0,0,0,0,0,0,0,0,0,0,0.0418410041841004,0,0,0,0,0,0,0,0,0,0,0,0,0,0,0,0,0,0,0,0,0.0301003344481605,0,0,0.0958333333333333,0,0,0,0,0,0,0
"Vitvi03g01809",0,0.00436681222707424,0.00166112956810631,0,0,0,0,0,0,0,0,0,0,0,0,0,0,0,0,0,0,0,0,0,0,0.229281767955801,0,0,0,0,0,0,0,0,0,0,0,0,0,0,0,0,0,0,0,0,0,0,0,0,0,0,0,0,0,0,0,0
"Vitvi03g04266",0,0,0,0.00299665080204477,0,0,0,0,0,0,0,0,0,0,0,0,0,0,0,0,0,0,0,0,0,0,0,0,0,0,0,0,0,0,0,0,0,0,0,0,0,0,0,0,0,0,0,0.162068965517241,0,0,0.028169014084507,0,0,0,0,0,0,0
"Vitvi03g04466",0,0,0,0.000709345628657563,0,0,0,0,0,0,0,0,0,0,0,0,0,0,0,0.00163934426229508,0,0,0,0,0,0,0,0,0,0,0,0,0,0,0,0,0,0,0,0,0,0,0,0,0,0,0,0,0,0,0.0888888888888889,0,0,0,0,0,0,0
"Vitvi04g00017",0,0,0,0.0115514483739115,0,0,0,0,0,0,0,0,0,0,0,0,0,0,0,0,0,0,0,0,0,0,0,0,0,0,0,0,0,0.0105633802816901,0,0,0,0.0181818181818182,0,0,0,0,0,0,0,0,0,0,0,0,0,0,0,0,0,0,0,0
"Vitvi04g01254",0,0,0,0,0,0,0,0,0,0.000767459708365311,0,0,0,0,0,0,0,0,0,0,0,0,0,0,0,0,0,0,0,0,0,0,0,0,0,0,0,0,0,0,0,0,0,0,0,0,0,0.0766423357664234,0,0,0.0245901639344262,0,0,0,0,0,0,0
"Vitvi04g01325",0.00769230769230769,0,0,0,0,0,0,0,0,0,0.00026581605528974,0,0,0,0,0,0,0,0,0,0,0,0,0,0,0,0,0,0,0.0116279069767442,0,0,0.221590909090909,0,0,0,0,0,0,0,0,0,0,0,0,0,0,0,0,0,0,0,0,0,0,0,0,0
"Vitvi04g01375",0.0078740157480315,0,0,0,0,0,0,0,0,0,0,0,0,0,0,0,0,0,0,0,0,0,0,0,0,0,0,0,0,0.0197628458498024,0,0,0.19774011299435,0,0,0,0,0,0,0,0,0,0,0,0,0,0,0,0,0,0,0,0,0,0,0,0,0
"Vitvi04g01550",0,0.00928217821782178,0,0,0,0,0,0,0,0.00290275761973875,0.207375734901122,0,0,0,0,0,0,0,0,0,0,0,0,0,0,0,0.00099601593625498,0,0,0,0,0,0,0,0,0,0,0,0,0,0,0,0,0,0,0,0,0,0,0,0,0,0,0,0,0,0,0
"Vitvi04g01555",0,0,0,0.00141118363026989,0,0,0,0,0,0,0,0,0,0,0,0,0,0,0,0,0.00447427293064877,0,0,0,0,0,0,0,0,0,0,0,0,0,0,0,0,0,0,0,0,0,0,0,0,0,0,0.169675090252708,0,0,0.0072202166064982,0,0,0,0,0,0,0
"Vitvi04g01887",0,0.0133214920071048,0,0,0,0,0,0,0,0,0.0778699491570779,0,0,0,0,0,0,0,0,0,0,0,0,0,0,0,0.00389863547758285,0,0,0,0,0,0,0,0,0,0,0,0,0,0,0,0,0,0,0,0,0,0,0,0,0,0,0,0,0,0,0
"Vitvi04g02114",0,0,0,0.00266524520255864,0,0,0,0,0,0,0,0,0,0,0,0,0,0,0,0.00825082508250825,0,0,0,0,0,0,0,0,0,0,0,0,0,0,0.0177935943060498,0,0,0,0,0,0,0,0,0,0,0,0,0,0,0,0,0,0,0,0,0,0,0
"Vitvi04g04009",0,0,0,0.000526131182041389,0,0,0,0.115963855421687,0,0,0,0,0,0.005,0,0,0,0,0,0,0,0,0,0,0,0,0,0,0,0,0,0,0,0,0.0116279069767442,0,0,0,0,0,0,0,0,0,0,0,0,0.00284900284900285,0,0,0,0,0.00578034682080925,0,0,0,0,0
"Vitvi04g04010",0,0,0,0.00123609394313968,0,0,0,0.00141843971631206,0,0,0,0,0,0,0,0,0,0,0,0.00156985871271586,0,0,0,0,0,0,0,0,0,0,0,0,0,0,0.150735294117647,0,0,0,0,0,0,0,0,0,0,0,0,0.00634920634920635,0,0,0,0,0,0,0,0,0,0
"Vitvi04g04011",0,0,0,0.00176429075511644,0,0,0,0.00140252454417952,0,0,0,0,0,0,0,0,0,0,0,0.00155038759689922,0,0,0,0,0,0,0,0,0,0,0,0,0,0,0.16304347826087,0,0,0,0,0,0,0,0,0,0,0,0,0.0093167701863354,0,0,0,0,0,0,0,0,0,0
"Vitvi04g04029",0,0,0,0.000532859680284192,0,0,0,0,0,0,0,0,0,0,0,0,0.00143472022955524,0,0,0,0,0,0,0,0,0,0,0,0,0,0,0,0,0,0,0,0,0,0,0,0,0,0,0,0,0,0,0,0,0,0.0491071428571429,0,0,0,0,0,0,0
"Vitvi05g00028",0,0.0129224652087475,0,0,0,0,0,0,0,0.0110726643598616,0.0416,0,0,0,0,0,0,0,0,0,0,0,0,0,0,0,0,0,0,0,0,0,0.00561797752808989,0,0,0,0,0,0,0,0,0,0,0,0,0,0,0,0,0,0,0,0,0,0,0,0,0
"Vitvi05g00108",0,0.00851063829787234,0,0,0,0,0,0,0,0.00123076923076923,0.0887700534759358,0,0.00886524822695036,0,0,0,0,0,0,0.00106609808102345,0,0,0,0,0,0,0.00359066427289048,0,0,0,0,0,0,0,0,0,0,0,0,0,0,0,0,0,0,0,0,0,0,0,0,0,0,0,0,0,0,0
"Vitvi05g00145",0,0.00336700336700337,0,0,0,0,0,0,0,0,0.0139447573075892,0,0.025830258302583,0,0,0,0,0,0,0,0,0,0,0,0,0,0,0,0,0,0,0,0,0,0,0,0,0,0,0,0,0,0,0,0,0,0,0,0,0,0,0,0,0,0,0,0,0
"Vitvi05g00726",0,0.0184544405997693,0,0,0,0,0,0,0,0,0.00910064239828694,0,0,0,0,0,0,0,0,0,0,0,0,0,0,0,0.00390625,0,0,0,0,0,0,0,0,0,0,0,0,0,0,0,0,0,0,0,0,0,0,0,0,0,0,0,0,0,0,0
"Vitvi05g01400",0,0.00565610859728507,0.00527240773286467,0,0,0,0,0,0,0,0.00318809776833156,0,0,0,0,0,0,0,0,0,0,0,0,0,0,0,0,0,0,0,0,0,0,0,0,0,0,0,0,0,0,0,0,0,0,0,0,0,0,0,0,0.157446808510638,0,0,0,0,0,0
"Vitvi05g01579",0.0671140939597315,0,0.00341880341880342,0,0,0,0,0,0,0,0,0,0,0,0,0,0,0,0,0,0,0,0,0,0,0.153225806451613,0,0,0,0,0,0,0,0,0,0,0,0,0,0,0,0,0,0,0,0,0.0153061224489796,0,0,0,0,0,0,0,0,0,0,0
"Vitvi05g01674",0.0105820105820106,0.0552423900789177,0,0,0,0,0,0,0,0.00291120815138282,0.0105736188210415,0,0,0,0,0,0,0,0,0,0,0,0,0,0,0.0176600441501104,0,0,0,0,0,0,0.00364963503649635,0,0,0,0,0,0,0,0,0,0,0,0,0,0,0,0,0,0,0,0,0,0,0,0,0
"Vitvi05g04232",0.152380952380952,0,0,0,0,0,0,0,0.00120918984280532,0,0.000266524520255864,0,0,0,0,0.00497512437810945,0.00139664804469274,0,0,0,0,0,0,0,0,0.0051413881748072,0,0,0,0,0,0,0.0567010309278351,0,0,0,0,0,0,0,0,0,0,0,0,0,0.00625,0,0,0,0,0,0,0,0,0,0,0
"Vitvi06g01410",0,0,0,0.0170848905499199,0,0,0,0,0,0,0,0,0,0,0,0,0,0,0,0,0,0,0,0,0,0,0,0,0,0,0,0,0,0.00167785234899329,0,0,0,0,0,0,0,0,0,0,0,0,0,0,0,0,0,0,0,0,0,0,0,0
"Vitvi06g01618",0,0,0,0.000874584572328144,0,0,0,0,0,0,0,0,0,0,0,0,0,0,0,0,0.00202839756592292,0,0,0,0,0,0,0,0,0,0,0,0,0,0,0,0,0,0,0,0,0,0,0,0,0,0,0.33695652173913,0,0,0.0125,0,0,0,0,0,0,0
"Vitvi06g04121",0,0,0,0.000527611677805135,0,0,0,0,0,0,0,0,0,0,0,0,0,0,0,0.00766871165644172,0,0,0,0,0,0,0,0,0,0,0,0,0,0,0.194244604316547,0,0,0,0,0,0,0,0,0,0,0,0,0.0275229357798165,0,0,0,0,0,0,0,0,0,0
"Vitvi07g00283",0,0,0,0.00569395017793594,0,0,0,0,0,0,0,0,0,0,0,0,0,0,0,0,0,0,0,0,0,0,0,0,0,0,0,0,0,0,0.0068259385665529,0,0,0,0,0,0,0,0,0,0,0,0,0,0,0,0,0,0,0,0,0,0,0
"Vitvi07g00523",0,0.00639658848614072,0,0,0,0,0,0,0,0.00053850296176629,0.153928667203003,0,0,0,0,0,0,0,0,0,0,0,0,0,0,0,0,0,0,0,0,0,0,0,0,0,0,0,0,0,0,0,0,0,0,0,0,0,0,0,0,0,0,0,0,0,0,0
"Vitvi07g01267",0,0,0,0.120511908993957,0,0,0,0,0,0,0,0,0,0,0,0,0.00293040293040293,0.00093984962406015,0,0.0015748031496063,0,0,0,0,0,0,0,0,0,0,0,0,0,0.000843881856540084,0,0,0,0,0,0,0,0,0,0,0,0,0,0,0,0,0,0,0,0,0,0,0,0
"Vitvi07g01315",0.0470588235294118,0.00217155266015201,0,0,0,0,0,0,0,0,0,0,0,0,0,0,0,0,0,0,0,0,0,0,0,0.217391304347826,0,0,0,0,0,0,0,0,0,0,0,0,0,0,0,0,0,0,0,0,0.00460829493087558,0,0,0,0,0,0,0,0,0,0,0
"Vitvi07g01342",0,0,0,0.0467537050105857,0,0,0,0,0,0,0,0,0,0,0,0,0,0.075968992248062,0,0,0,0,0,0,0,0,0,0,0,0,0,0,0,0,0,0,0,0.00245098039215686,0,0,0,0,0,0,0,0,0,0,0,0,0,0,0,0,0,0,0,0
"Vitvi07g01407",0,0,0,0.00835555555555556,0,0,0,0,0.00593119810201661,0,0,0,0,0,0,0,0.00135869565217391,0.00231481481481481,0,0,0,0,0,0,0,0,0,0,0,0,0,0,0,0,0,0,0,0,0,0,0,0,0,0,0,0,0,0,0,0,0,0,0,0,0,0,0,0
"Vitvi07g01718",0,0,0.0692883895131086,0.000705467372134039,0,0,0,0,0,0,0,0,0,0,0,0,0,0,0,0,0,0,0,0,0,0,0,0,0,0,0,0,0,0,0,0,0,0.102941176470588,0,0,0,0,0,0,0,0,0,0,0,0,0,0.0037037037037037,0,0,0,0,0,0
"Vitvi07g01719",0,0,0.0335820895522388,0.000884642604387827,0,0,0,0,0,0,0,0,0,0,0,0,0,0,0,0,0,0,0,0,0,0,0,0,0,0,0,0,0,0,0,0,0,0.127118644067797,0,0,0,0,0,0,0,0,0,0,0,0,0,0.00395256916996047,0,0,0,0,0,0
"Vitvi07g02832",0,0,0,0.0119465917076599,0,0,0,0.00125786163522013,0.00429184549356223,0,0,0,0,0,0,0,0,0,0,0,0.14902807775378,0,0,0,0,0,0,0,0,0,0,0,0,0,0,0,0,0,0,0,0,0,0,0,0,0,0,0,0,0,0,0,0,0,0,0,0,0
"Vitvi07g03086",0,0.00865800865800866,0.153846153846154,0,0,0,0,0,0,0,0.00183630640083945,0,0,0,0,0,0,0,0,0,0,0,0,0,0,0,0.00657894736842105,0,0,0,0,0,0,0,0,0,0,0,0,0,0,0,0,0,0,0,0,0,0,0,0,0.00318471337579618,0,0,0,0,0,0
"Vitvi08g00957",0,0,0,0.00106477373558119,0,0,0,0,0,0,0,0,0,0,0,0,0,0,0,0.00995024875621891,0,0,0,0,0,0,0,0,0,0,0,0,0,0.0194931773879142,0.00353356890459364,0,0,0,0,0,0,0,0,0,0,0,0,0,0,0,0,0,0,0,0,0,0,0
"Vitvi08g01333",0,0,0,0.00105950909411972,0,0,0,0,0,0,0,0,0,0,0,0,0,0,0,0.0127186009538951,0,0,0,0,0,0,0.0118110236220472,0,0,0,0,0,0,0,0,0,0,0,0,0,0,0,0,0,0,0,0,0.0226537216828479,0,0,0.110655737704918,0,0,0,0,0,0,0
"Vitvi08g01617",0,0,0,0.00408453205469721,0,0,0,0,0,0,0,0,0,0,0,0,0,0,0,0.00810372771474878,0,0,0,0,0,0,0,0,0,0,0,0,0,0,0.0241379310344828,0,0,0,0,0,0,0,0,0,0,0,0,0,0,0,0.00392156862745098,0,0,0,0,0,0,0
"Vitvi08g01846",0,0,0,0.00106609808102345,0,0,0,0,0.0087173100871731,0,0,0,0,0,0,0,0,0,0,0,0,0.00471698113207547,0,0,0,0,0,0,0,0.00431034482758621,0,0,0,0,0,0,0,0,0,0,0,0,0,0,0,0,0,0,0,0,0,0,0,0,0,0,0,0
"Vitvi08g01897",0,0,0,0.00551601423487545,0,0,0,0,0,0,0,0,0,0,0,0,0.0013986013986014,0,0,0,0,0,0,0,0,0,0,0,0,0,0,0,0,0,0.00341296928327645,0,0,0,0,0,0,0,0,0,0,0,0,0,0,0,0,0,0,0,0,0,0,0
"Vitvi08g02218",0,0,0,0.00158227848101266,0,0,0,0,0,0,0,0,0,0,0,0,0,0,0,0,0,0,0,0,0,0,0,0,0,0,0,0,0,0,0.00294985250737463,0,0,0,0,0,0,0,0,0,0,0,0,0.158249158249158,0,0,0.0755395683453237,0,0,0,0,0,0,0
"Vitvi08g02288",0,0,0,0,0,0,0,0,0.0178784266984505,0,0,0,0,0,0,0,0,0,0,0,0,0,0,0,0,0,0,0,0,0.193965517241379,0,0,0,0,0,0,0,0,0,0,0,0,0,0,0,0,0,0,0,0,0,0,0,0,0,0,0,0
"Vitvi09g00419",0,0.00649350649350649,0,0,0,0,0,0,0,0,0,0,0,0,0,0,0,0,0,0,0,0,0,0,0,0.253443526170799,0,0,0,0,0,0,0,0,0,0,0,0,0,0,0,0,0,0,0,0,0,0,0,0,0,0,0,0,0,0,0,0
"Vitvi09g00867",0,0,0,0.00583141897861813,0,0,0,0.00137551581843191,0,0,0,0,0,0,0,0,0,0,0,0,0,0,0,0,0,0,0,0,0,0,0,0,0,0,0.0983606557377049,0,0,0,0,0,0,0,0,0,0,0,0,0.0303951367781155,0,0,0,0,0,0,0,0,0,0
"Vitvi09g01646",0,0,0,0,0,0,0,0,0,0,0.0010744023636852,0,0,0,0,0,0,0,0,0,0,0,0,0,0,0,0.014218009478673,0,0,0,0,0,0,0,0,0,0,0,0,0,0,0,0,0,0,0,0,0,0,0,0,0,0,0,0,0,0,0
"Vitvi09g01698",0,0,0.0425531914893617,0,0,0,0,0,0,0,0,0,0,0,0,0,0,0,0,0,0,0,0,0,0,0.00263157894736842,0,0,0,0,0,0,0,0,0,0,0,0,0.00393700787401575,0,0,0,0,0,0,0,0,0,0,0,0,0,0,0,0,0,0,0
"Vitvi09g04280",0,0,0,0.000882456759618779,0,0,0,0,0,0,0,0,0,0,0,0,0,0,0,0.00156739811912226,0,0,0,0,0,0,0,0,0,0,0,0,0,0,0.176029962546816,0,0,0,0,0,0,0,0,0,0,0,0,0,0,0,0,0,0,0,0,0,0,0
"Vitvi09g04564",0,0,0.15047619047619,0,0,0,0,0,0,0,0,0,0,0,0,0,0,0,0,0,0,0,0,0,0,0,0,0,0,0,0,0,0,0,0,0,0,0.0578034682080925,0,0,0,0,0,0,0,0,0,0,0,0,0,0,0,0,0,0,0,0
"Vitvi10g00984",0,0,0,0.00299243091005105,0,0,0,0.00136425648021828,0,0,0,0,0,0,0,0,0,0,0,0,0,0,0,0,0,0,0,0,0,0,0,0,0,0,0.0557275541795666,0,0,0,0,0,0,0,0,0,0,0,0,0.146179401993355,0,0,0,0,0,0,0,0,0,0
"Vitvi10g01812",0,0,0,0.050327839801524,0,0,0,0,0,0,0,0,0,0,0,0,0,0.0192592592592593,0,0,0.00286944045911047,0.0201612903225806,0,0,0,0,0,0,0,0,0,0,0,0,0,0,0,0,0,0,0,0,0,0,0,0,0,0,0,0,0,0,0,0,0,0,0,0
"Vitvi10g04044",0,0,0,0.000175623463294696,0,0,0,0,0,0,0,0,0,0,0,0,0,0,0,0,0,0,0,0,0,0,0,0,0,0,0,0,0,0,0.00895522388059702,0,0,0,0,0,0,0,0,0,0,0,0,0.261992619926199,0,0,0,0,0,0,0,0,0,0
"Vitvi10g04085",0,0,0,0.00586979722518677,0,0,0,0,0,0,0,0,0,0,0,0,0,0,0,0,0,0,0,0,0,0,0,0,0,0,0,0,0,0,0,0,0,0,0,0,0,0,0,0,0,0,0,0.0134228187919463,0,0,0,0,0,0,0,0,0,0
"Vitvi10g04282",0,0,0,0,0,0,0,0,0,0,0.00939597315436242,0,0,0,0,0,0,0,0,0,0,0,0,0,0,0,0.0206611570247934,0,0,0,0,0,0,0,0,0,0,0,0,0,0,0,0,0,0,0,0,0,0,0,0,0,0,0,0,0,0,0
"Vitvi10g04504",0,0,0,0.0068649885583524,0,0,0,0,0,0,0,0,0,0,0,0,0,0,0,0.00145560407569141,0,0,0,0,0,0,0,0,0,0,0,0,0,0,0.0225352112676056,0,0,0,0,0,0,0,0,0,0,0,0,0.168789808917197,0,0,0.00311526479750779,0,0,0,0,0,0,0
"Vitvi11g00075",0,0,0,0,0,0,0,0,0,0.000669344042838019,0.0577181208053691,0,0.00691244239631336,0,0,0,0,0,0,0.00248447204968944,0,0,0,0,0,0,0,0,0,0,0,0,0,0,0,0,0,0,0,0,0,0,0,0,0,0,0,0,0,0,0,0,0,0,0,0,0,0
"Vitvi11g00217",0,0,0,0.0066573230553609,0,0,0,0,0,0,0,0,0,0,0,0,0.00123456790123457,0,0,0,0,0,0,0,0,0,0,0,0,0,0,0,0,0,0.0236842105263158,0,0,0,0,0,0,0,0,0,0,0,0,0.255591054313099,0,0,0,0,0,0,0,0,0,0
"Vitvi11g00285",0,0,0,0.0413267115998581,0,0,0,0,0.000956022944550669,0,0,0,0,0,0,0,0,0,0,0.00479041916167665,0,0,0,0,0,0,0,0,0,0,0,0,0,0.0203252032520325,0,0,0,0,0,0,0,0,0,0,0,0,0,0,0,0,0,0,0,0,0,0,0,0
"Vitvi11g00286",0,0,0,0.0243429176221556,0,0,0,0,0,0,0,0,0,0,0,0,0.00229885057471264,0,0,0.00518806744487678,0,0,0,0,0,0,0,0,0,0,0,0,0,0,0.0135135135135135,0,0,0,0,0,0,0,0,0,0,0,0,0.0835322195704057,0,0,0.00987654320987654,0,0,0,0,0,0,0
"Vitvi11g01637",0,0,0,0.000177116542685087,0,0,0,0,0,0,0,0,0,0,0,0,0,0,0,0,0,0,0,0,0,0,0.0262008733624454,0,0,0,0,0,0,0,0,0,0,0,0,0,0,0,0,0,0,0,0,0.00341296928327645,0,0,0.0921052631578947,0,0,0,0,0,0,0
"Vitvi12g00368",0,0,0,0.000881367882954345,0,0,0,0,0,0,0,0,0,0,0,0,0,0,0,0.0875420875420875,0,0,0,0,0,0,0,0,0,0,0,0,0,0,0.00626959247648903,0,0,0,0,0,0,0,0,0,0,0,0,0,0,0,0.003584229390681,0,0,0,0,0,0,0
"Vitvi12g01881",0,0.0527472527472527,0.0015625,0,0,0,0,0,0,0.00214745884037223,0.0193531283138918,0,0,0,0,0,0,0,0,0,0,0,0,0,0,0,0.00302114803625378,0,0,0,0,0,0,0,0,0,0,0,0,0,0,0,0,0,0,0,0,0,0,0,0,0,0,0,0,0,0,0
"Vitvi12g01882",0,0.0365566037735849,0,0,0,0,0,0,0,0.000757575757575758,0.00399893361770195,0,0,0,0,0,0,0,0,0,0,0,0,0,0,0,0,0,0,0,0,0,0,0,0,0,0,0,0,0,0,0,0,0,0,0,0,0,0,0,0,0,0,0,0,0,0,0
"Vitvi12g01921",0,0,0.00530973451327434,0,0,0,0,0,0,0,0,0,0,0,0,0,0,0,0,0,0,0,0,0,0,0.135734072022161,0,0,0,0,0,0,0,0,0,0,0,0.00684931506849315,0,0,0,0,0,0,0,0,0,0,0,0,0,0,0,0,0,0,0,0
"Vitvi12g02011",0,0.0034324942791762,0.00719424460431655,0,0,0,0,0,0,0,0,0,0,0,0,0,0,0,0,0,0,0,0,0,0,0.104395604395604,0,0,0,0,0,0,0,0,0,0,0,0,0,0,0,0,0,0,0,0,0,0,0,0,0,0,0,0,0,0,0,0
"Vitvi12g04108",0.0397727272727273,0.0119956379498364,0.00163934426229508,0,0,0,0,0,0,0,0,0,0,0,0,0,0,0,0,0,0,0,0,0,0,0.204787234042553,0,0,0,0,0,0,0,0,0,0,0,0,0,0,0,0,0,0,0,0,0,0,0,0,0,0,0,0,0,0,0,0
"Vitvi12g04404",0,0.00324324324324324,0.00163934426229508,0,0,0,0,0,0,0,0,0,0,0,0,0,0,0,0,0,0,0,0,0,0,0.254847645429363,0,0,0,0,0,0,0,0,0,0,0,0,0,0,0,0,0,0,0,0,0,0,0,0,0,0,0,0,0,0,0,0
"Vitvi12g04463",0,0.00336322869955157,0.00521739130434783,0,0,0,0,0,0,0,0,0,0,0,0,0,0,0,0,0,0,0,0,0,0,0.15702479338843,0,0,0,0,0,0,0,0,0,0,0,0,0,0,0,0,0,0,0,0,0,0,0,0,0,0,0,0,0,0,0,0
"Vitvi12g04498",0,0,0.00352112676056338,0,0,0,0,0,0,0,0,0,0,0,0,0,0,0,0,0,0,0,0,0,0,0.147632311977716,0,0,0,0,0,0,0,0,0,0,0,0,0,0,0,0,0,0,0,0,0,0,0,0,0,0,0,0,0,0,0,0
"Vitvi12g04515",0,0,0,0,0,0,0,0,0,0,0,0,0,0,0,0,0,0,0,0,0,0,0,0,0,0.0837988826815642,0,0,0,0,0,0,0,0,0,0,0,0,0,0,0,0,0,0,0,0,0.00636942675159236,0,0,0,0,0,0,0,0,0,0,0
"Vitvi12g04543",0.0065359477124183,0.00111358574610245,0.100189035916824,0,0,0,0,0,0,0,0,0,0,0,0,0,0,0,0,0,0,0,0,0,0,0.029126213592233,0,0,0,0,0,0,0,0,0,0,0,0,0,0,0,0,0,0,0,0,0,0,0,0,0,0,0,0,0,0,0,0
"Vitvi12g04545",0.00719424460431655,0.00113122171945701,0.017921146953405,0,0,0,0,0,0,0,0,0,0,0,0,0,0,0,0,0,0,0,0,0,0,0.111111111111111,0,0,0,0,0,0,0,0,0,0,0,0,0,0,0,0,0,0,0,0,0,0,0,0,0,0,0,0,0,0,0,0
"Vitvi12g04595",0,0,0,0,0,0,0,0.00587371512481645,0,0,0,0,0,0,0,0,0,0,0,0,0,0,0,0,0,0,0,0,0,0,0,0,0,0,0.0936329588014981,0,0,0,0,0,0,0,0,0,0,0,0,0.00680272108843537,0,0,0,0,0,0,0,0,0,0
"Vitvi12g04598",0,0.00551876379690949,0,0,0,0,0,0,0,0,0,0,0,0,0,0,0,0,0,0,0,0,0,0,0,0.204419889502762,0,0,0,0,0,0,0,0,0,0,0,0,0,0,0,0,0,0,0,0,0,0,0,0,0,0,0,0,0,0,0,0
"Vitvi12g04607",0,0.00109170305676856,0.00334448160535117,0,0,0,0,0,0,0,0,0,0,0,0,0,0,0,0,0,0,0,0,0,0,0.227777777777778,0,0,0,0,0,0,0,0,0,0,0,0,0,0,0,0,0,0,0,0,0,0,0,0,0,0,0,0,0,0,0,0
"Vitvi13g00551",0,0,0,0.0138691322901849,0,0,0,0,0,0,0,0,0,0,0,0,0,0,0,0,0,0,0,0,0,0,0,0,0,0,0,0,0,0,0,0,0,0.0348837209302326,0,0,0,0,0,0,0,0,0,0,0,0,0,0,0,0,0,0,0,0
"Vitvi13g01098",0,0.00957701516360734,0,0,0,0,0,0,0,0.000586166471277843,0.11134903640257,0,0.00154320987654321,0,0,0,0,0,0,0,0,0,0,0,0,0,0.00313971742543171,0,0,0,0,0,0,0,0,0,0,0,0,0,0,0,0,0,0,0,0,0,0,0,0,0,0,0,0,0,0,0
"Vitvi13g01468",0,0,0,0.000523743016759777,0,0,0,0,0,0,0,0,0,0,0,0,0,0,0,0,0,0,0,0,0,0,0,0,0,0,0,0,0,0,0.0218579234972678,0,0,0,0,0,0,0,0,0,0,0,0,0.345195729537367,0,0,0.0121580547112462,0,0,0,0,0,0,0
"Vitvi13g01608",0,0,0,0,0,0,0,0.00146412884333821,0,0,0,0,0,0,0,0,0,0,0,0,0,0,0,0,0,0,0,0,0,0,0,0,0,0,0.093984962406015,0,0,0,0,0,0,0,0,0,0,0,0,0.0102739726027397,0,0,0,0,0,0,0,0,0,0
"Vitvi13g01616",0,0,0,0.00088292424509977,0,0,0,0,0,0,0,0,0,0,0,0,0,0,0,0,0,0,0,0,0,0,0,0,0,0,0,0,0,0,0.126811594202899,0,0,0,0,0,0,0,0,0,0,0,0,0.0327868852459016,0,0,0,0,0,0,0,0,0,0
"Vitvi13g01638",0,0,0,0.00141093474426808,0,0,0,0,0,0,0,0,0,0,0,0,0,0,0,0.0031055900621118,0,0,0,0,0,0,0,0,0,0,0,0,0,0,0.18450184501845,0,0,0,0,0,0,0,0,0,0,0,0,0,0,0,0,0,0,0,0,0,0,0
"Vitvi13g01984",0,0,0,0.000352858151023289,0,0,0,0,0,0,0,0,0,0,0,0,0,0,0,0.00156985871271586,0,0,0,0,0,0,0,0,0,0,0,0,0,0,0.185606060606061,0,0,0,0,0,0,0,0,0,0,0,0,0,0,0,0,0,0,0,0,0,0,0
"Vitvi13g02083",0,0,0,0.000525762355415352,0,0,0,0,0,0,0,0,0,0,0,0,0,0,0,0,0.00417536534446764,0,0,0,0,0,0,0,0,0,0,0,0,0,0,0,0,0,0,0,0,0,0,0,0,0,0,0.294545454545455,0,0,0.0130293159609121,0,0,0,0,0,0,0
"Vitvi13g02285",0.00649350649350649,0.00111234705228031,0.0103986135181976,0,0,0,0,0,0,0,0.00158688177730759,0,0,0,0,0,0,0,0,0,0,0,0,0,0,0,0,0,0,0,0,0,0,0,0,0,0,0,0,0,0,0,0,0,0,0,0,0,0,0,0,0.235807860262009,0,0,0,0,0,0
"Vitvi13g04289",0,0,0,0.0005249343832021,0,0,0,0,0,0,0,0,0,0,0,0,0,0,0,0,0,0,0,0,0,0,0,0,0,0,0,0,0,0,0.00557103064066852,0,0,0,0,0,0,0,0,0,0,0,0,0.31294964028777,0,0,0.0191082802547771,0,0,0,0,0,0,0
"Vitvi13g04528",0,0,0,0.00174337517433752,0,0,0,0,0,0,0,0,0,0,0,0,0,0,0,0,0,0,0,0,0,0,0,0,0,0,0,0,0,0,0.0428954423592493,0,0,0,0,0,0,0,0,0,0,0,0,0.332203389830508,0,0,0.0116279069767442,0,0,0,0,0,0,0
"Vitvi13g04529",0,0,0,0.00209680237637603,0,0,0,0,0,0,0,0,0,0,0,0,0,0,0,0,0,0,0,0,0,0,0,0,0,0,0,0,0,0,0.0299727520435967,0,0,0,0,0,0,0,0,0,0,0,0,0.321799307958477,0,0,0.00297619047619048,0,0,0,0,0,0,0
"Vitvi13g04540",0,0,0,0.000352485019386676,0,0,0,0.00423131170662906,0,0,0,0,0,0,0,0,0,0,0,0,0.0135746606334842,0,0,0,0,0,0,0,0,0,0,0,0,0,0,0,0,0,0,0,0,0,0,0,0,0,0,0.170289855072464,0,0,0,0,0,0,0,0,0,0
"Vitvi13g04677",0,0,0,0.00123740498497437,0,0,0,0,0,0,0,0,0,0,0,0,0,0,0,0.00476947535771065,0,0,0,0,0,0,0,0,0,0,0,0,0,0,0.132841328413284,0,0,0,0,0,0,0,0,0,0,0,0,0,0,0,0,0,0,0,0,0,0,0
"Vitvi13g04698",0,0,0,0.00690509915014164,0,0,0,0,0,0,0,0,0,0,0,0,0.00133155792276964,0,0,0.00924499229583975,0,0,0,0,0,0,0,0,0,0,0,0,0,0,0.0645161290322581,0,0,0,0,0,0,0,0,0,0,0,0,0.00906344410876133,0,0,0,0,0,0,0,0,0,0
"Vitvi13g04706",0,0,0,0.00334212840809147,0,0,0,0,0,0,0,0,0,0,0,0,0,0,0,0.00598802395209581,0,0,0,0,0,0,0,0,0,0,0,0,0,0,0.184300341296928,0,0,0,0,0,0,0,0,0,0,0,0,0.0263157894736842,0,0,0,0,0,0,0,0,0,0
"Vitvi14g00679",0,0,0,0.11482661004954,0,0,0,0,0.00750341064120055,0,0,0,0,0,0,0,0.00441176470588235,0.00473036896877956,0,0,0.0103578154425612,0.00113765642775882,0,0,0,0,0,0,0,0,0,0,0,0,0,0,0,0,0,0,0,0,0,0,0,0,0,0,0,0,0,0,0,0,0,0,0,0
"Vitvi14g01926",0,0,0,0.00106799572801709,0,0,0,0,0,0,0,0,0,0,0,0,0,0,0,0,0,0,0,0,0,0,0,0,0,0,0,0,0,0,0,0,0,0,0,0,0,0,0,0,0,0,0,0,0,0,0,0,0,0,0,0,0,0
"Vitvi14g02663",0,0.0100334448160535,0.0748175182481752,0,0,0,0,0,0,0,0.0050344462109168,0,0,0,0,0,0,0,0,0,0,0,0,0,0,0,0.0181818181818182,0,0,0,0,0,0,0,0,0,0,0,0,0,0,0,0,0,0,0,0,0,0,0,0,0,0,0,0,0,0,0
"Vitvi14g04416",0,0,0,0,0,0,0,0,0.00365408038976857,0,0,0,0,0,0,0,0,0,0,0,0,0,0,0,0,0,0,0,0,0.00816326530612245,0,0,0.142045454545455,0,0,0,0,0,0,0,0,0,0,0,0,0,0,0,0,0,0,0,0,0,0,0,0,0
"Vitvi16g00160",0,0,0,0.00159433126660762,0,0,0,0.0267857142857143,0,0,0,0,0,0,0,0,0,0,0,0,0,0,0,0,0,0,0,0,0,0,0,0,0,0,0.0241379310344828,0,0,0,0,0,0,0,0,0,0,0,0,0.00668896321070234,0,0,0,0,0,0,0,0,0,0
"Vitvi16g00901",0,0,0,0.000177841010136938,0,0,0,0,0,0,0,0,0,0,0,0,0,0,0,0,0,0,0,0,0,0,0,0,0,0,0,0,0,0,0,0,0,0,0,0,0,0,0,0,0,0,0,0.018796992481203,0,0,0,0,0,0,0,0,0,0
"Vitvi16g04295",0,0,0,0.0921192758253461,0,0,0,0,0.000753012048192771,0,0,0,0,0,0,0,0,0.0144284128745838,0,0,0,0,0,0,0,0,0,0,0,0,0,0,0,0,0,0,0,0.00318979266347687,0,0,0,0,0,0,0,0,0,0,0,0,0,0,0,0,0,0,0,0
"Vitvi16g04388",0,0,0,0.0010498687664042,0,0,0,0,0,0,0,0,0,0,0,0,0,0,0,0,0.00612244897959184,0,0,0,0,0,0,0,0,0,0,0,0,0,0.00275482093663912,0,0,0,0,0,0,0,0,0,0,0,0,0.314285714285714,0,0,0.0125391849529781,0,0,0,0,0,0,0
"Vitvi16g04448",0.00884955752212389,0.00116550116550117,0,0,0,0,0,0,0.00121951219512195,0,0,0,0,0,0,0,0.00141043723554302,0,0,0,0,0,0,0,0,0.0607734806629834,0,0,0,0,0,0,0,0,0,0,0,0,0,0,0,0,0,0,0,0,0.0065359477124183,0,0,0,0,0,0,0,0,0,0,0
"Vitvi17g00339",0.0105263157894737,0.00598086124401914,0.00191204588910134,0,0,0,0,0,0,0,0.000268312315535283,0,0,0,0,0,0,0,0,0,0,0,0,0,0,0,0,0,0,0,0,0,0,0,0,0,0,0,0,0,0,0,0,0,0,0,0,0,0,0,0,0.00448430493273543,0,0,0,0,0,0
"Vitvi17g00461",0,0,0,0,0,0,0,0,0,0,0,0,0,0,0,0,0,0,0,0,0,0,0,0,0,0.113888888888889,0,0,0,0,0,0,0,0,0,0,0,0.0072992700729927,0.00732600732600733,0,0,0,0,0,0,0,0,0,0,0,0,0,0,0,0,0,0,0
"Vitvi17g00704",0,0,0,0.0773735581188997,0,0,0,0,0,0,0,0,0,0,0,0,0.000881057268722467,0.00361881785283474,0,0,0.00716845878136201,0,0,0,0,0,0,0,0,0,0,0,0,0,0,0,0,0,0,0,0,0,0,0,0,0,0,0.00984528832630099,0,0,0,0,0,0,0,0,0,0
"Vitvi17g00936",0,0.00202565833896016,0,0,0,0,0,0,0,0.00417101147028154,0.171535781291879,0,0,0,0,0,0,0,0,0,0,0,0,0,0,0,0.00116686114352392,0,0,0,0,0,0,0,0,0,0,0,0,0,0,0,0,0,0,0,0,0,0,0,0,0,0,0,0,0,0,0
"Vitvi17g01373",0,0.00987925356750823,0.005,0,0,0,0,0,0,0.000734753857457752,0.0187316028900187,0,0.0033003300330033,0,0,0,0,0,0,0,0,0,0,0,0,0,0.0137931034482759,0,0,0,0,0,0,0,0,0,0,0,0,0,0,0,0,0,0,0,0,0,0,0,0,0,0,0,0,0,0,0
"Vitvi17g04171",0,0,0,0.00157370169610072,0,0,0,0,0,0,0,0,0,0,0,0,0,0,0,0,0,0,0,0,0,0,0,0,0,0,0,0,0,0,0.0164383561643836,0,0,0,0,0,0,0,0,0,0,0,0,0.315789473684211,0,0,0.0153846153846154,0,0,0,0,0,0,0
"Vitvi18g00174",0,0,0,0.00369848538217682,0,0,0,0.00136239782016349,0,0,0,0,0,0,0,0,0,0,0,0,0.00212765957446809,0,0,0,0,0,0,0,0,0,0,0,0,0,0,0,0,0,0,0,0,0,0,0,0,0,0,0.201388888888889,0,0,0,0,0,0,0,0,0,0
"Vitvi18g00191",0.0078740157480315,0.0104166666666667,0.0018018018018018,0,0,0,0,0,0,0,0,0,0,0,0,0,0,0,0,0,0,0,0,0,0,0.0785907859078591,0,0,0,0,0,0,0,0,0,0,0,0,0,0,0,0,0,0,0,0,0,0,0,0,0,0.00392156862745098,0,0,0,0,0,0
"Vitvi18g00462",0,0,0,0.00726049229679476,0,0,0,0,0,0,0,0,0,0,0,0,0,0,0,0,0,0,0,0,0,0,0,0,0,0,0,0,0,0,0,0,0,0,0,0,0,0,0,0,0,0,0,0.0947712418300654,0,0,0,0,0,0,0,0,0,0
"Vitvi18g00473",0,0,0,0.0198828333037458,0,0,0,0,0.0154355016538037,0,0,0,0,0,0,0,0,0.00198019801980198,0,0,0,0,0,0,0,0,0,0,0,0,0,0,0,0,0,0,0,0,0,0,0,0,0,0,0,0,0,0,0,0,0,0,0,0,0,0,0,0
"Vitvi18g02825",0,0,0,0.00195799216803133,0,0,0,0,0,0,0,0,0,0,0,0,0,0,0,0,0,0,0,0,0,0,0,0,0,0,0,0,0,0,0,0,0,0,0,0,0,0,0,0,0,0,0,0,0,0,0,0,0,0,0,0,0,0
"Vitvi19g00270",0,0.0114478114478114,0,0,0,0,0,0,0,0.00206185567010309,0.173215717722534,0,0.00112994350282486,0,0,0,0,0,0,0,0,0,0,0,0,0,0,0,0,0,0,0,0,0,0,0,0,0,0,0,0,0,0,0,0,0,0,0,0,0,0,0,0,0,0,0,0,0
"Vitvi19g00476",0,0,0,0.000704349357281212,0,0,0,0,0,0,0,0,0,0,0,0,0,0,0,0.00308166409861325,0,0,0,0,0,0,0,0,0,0,0,0,0,0,0.216417910447761,0,0,0,0,0,0,0,0,0,0,0,0,0.00303951367781155,0,0,0,0,0,0,0,0,0,0
"Vitvi19g00709",0,0,0,0.000527890198838642,0,0,0,0,0,0,0,0,0,0,0,0,0,0,0,0.00925925925925926,0,0,0,0,0,0,0,0,0,0,0,0,0,0,0.209558823529412,0,0,0,0,0,0,0,0,0,0,0,0,0.00604229607250755,0,0,0,0,0,0,0,0,0,0
"Vitvi19g01484",0,0.0182787509520183,0,0,0,0,0,0,0,0.00338409475465313,0.126099706744868,0,0,0,0,0,0,0,0,0,0,0,0,0,0,0,0.00140845070422535,0,0,0,0,0,0,0,0,0,0,0,0,0,0,0,0,0,0,0,0,0,0,0,0,0,0,0,0,0,0,0
"Vitvi19g01610",0,0,0,0.00192644483362522,0,0,0,0,0,0,0,0,0,0,0,0,0,0,0,0.0162241887905605,0,0,0,0,0,0,0,0,0,0,0,0,0,0,0.19344262295082,0,0,0,0,0,0,0,0,0,0,0,0,0.0635838150289017,0,0,0,0,0,0,0,0,0,0
"Vitvi19g01612",0,0,0,0.00158422812885055,0,0,0,0,0,0,0,0,0,0,0,0,0,0,0,0.0138674884437596,0,0,0,0,0,0,0,0,0,0,0,0,0,0,0.185053380782918,0,0,0,0,0,0,0,0,0,0,0,0,0.00597014925373134,0,0,0,0,0,0,0,0,0,0
"Vitvi19g01720",0.0393258426966292,0.0119695321001088,0,0,0,0,0,0,0,0,0,0,0,0,0,0,0,0,0,0,0,0,0,0,0,0.213333333333333,0,0,0,0,0,0,0,0,0,0,0,0,0,0,0,0,0,0,0,0,0,0,0,0,0,0,0,0,0,0,0,0
"Vitvi19g01790",0,0,0,0.0099290780141844,0,0,0,0.00273972602739726,0,0,0,0,0,0,0,0,0,0,0,0,0,0,0,0,0,0,0,0,0,0,0,0,0,0,0.00593471810089021,0,0,0,0,0,0,0,0,0,0,0,0,0.0553846153846154,0,0,0,0,0,0,0,0,0,0
"Vitvi19g04259",0,0,0,0.0010462074978204,0,0,0,0.154531946508172,0,0,0,0,0,0,0,0,0,0,0,0,0.0198807157057654,0,0.0033112582781457,0,0,0,0,0,0,0,0,0,0,0,0,0,0,0,0,0,0,0,0,0,0,0,0,0.00518134715025907,0,0,0,0,0,0,0,0,0,0
"Vitvi19g04530",0,0,0,0.00157922442533778,0,0,0,0,0,0,0,0,0,0,0,0,0,0,0,0,0,0,0,0,0,0,0,0,0,0,0,0,0,0,0.0233236151603499,0,0,0,0,0,0,0,0,0,0,0,0,0.21160409556314,0,0,0.0367892976588629,0,0,0,0,0,0,0
"Vitvi19g04572",0,0,0,0.00140350877192982,0,0,0,0,0,0,0,0,0,0,0,0,0,0,0,0.015015015015015,0,0,0,0,0,0,0,0,0,0,0,0,0,0,0.177852348993289,0,0,0,0,0,0,0,0,0,0,0,0,0.056547619047619,0,0,0,0,0,0,0,0,0,0
