"","red","yellow","black","turquoise","purple","magenta","brown","darkgrey","blue","lightyellow","green","midnightblue","darkturquoise","grey60","greenyellow","lightcyan","lightgreen","cyan","salmon","darkred","pink","tan","darkgreen","royalblue"
"Vitvi00g04005",0.0160771704180064,0.00682261208576998,0,0,0,0,0,0,0,0,0,0,0,0,0,0,0,0,0,0,0,0,0,0
"Vitvi00g04006",0.0316706254948535,0.00238095238095238,0.0296296296296296,0,0,0,0,0,0,0,0,0,0,0,0,0,0,0,0,0,0,0,0,0
"Vitvi00g04313",0,0,0.00655737704918033,0,0,0,0,0,0,0,0,0,0,0,0,0,0,0,0,0,0.0180940892641737,0,0,0
"Vitvi00g04500",0.0087719298245614,0.000484027105517909,0,0,0,0,0,0,0,0.00454545454545455,0,0,0,0,0,0.0883534136546185,0,0,0,0,0,0,0,0
"Vitvi00g04634",0.0103420843277645,0.00387596899224806,0,0,0,0,0,0,0,0,0,0,0,0,0,0.0739299610894942,0,0,0,0,0,0,0,0
"Vitvi00g04728",0.0111642743221691,0.000483325277912035,0,0,0,0,0,0,0,0,0,0,0,0,0,0.0873015873015873,0,0,0,0,0,0.00292397660818713,0,0
"Vitvi01g00463",0,0,0,0.00267809319764328,0.00301204819277108,0.0902777777777778,0,0,0,0,0.00111607142857143,0,0,0,0,0,0,0,0,0,0,0,0,0
"Vitvi01g00508",0,0.0133176654915785,0,0,0,0,0,0,0.119276556776557,0,0,0,0,0,0,0,0,0,0,0,0,0,0,0
"Vitvi01g00612",0,0,0,0.006664265129683,0,0,0.00499092558983666,0,0,0,0.00511945392491468,0,0,0,0,0,0,0,0,0,0,0,0,0
"Vitvi01g00656",0,0,0,0.271877807726864,0,0,0.00789115646258503,0,0,0,0.001230012300123,0,0,0,0,0,0,0,0,0,0,0,0,0
"Vitvi01g01038",0,0.00477845351867941,0.0189818809318378,0,0,0,0,0,0.0563057907988098,0,0,0,0,0,0,0,0,0,0,0,0.000906618313689937,0,0,0
"Vitvi01g01701",0,0,0,0.000897343862167983,0.00480769230769231,0.0521861777150917,0,0,0,0,0,0,0,0,0,0,0,0,0,0,0,0,0,0
"Vitvi01g01751",0,0,0,0,0,0.00239520958083832,0,0,0,0,0.0782710280373832,0,0,0,0,0,0,0,0,0,0,0,0,0
"Vitvi01g02242",0,0,0,0,0,0.00248447204968944,0,0,0,0,0.0607476635514019,0,0,0,0,0,0,0,0,0,0,0,0,0
"Vitvi01g04056",0,0,0,0.00284798860804557,0,0,0.0376492194674013,0,0,0,0.00221238938053097,0,0,0,0,0,0,0,0,0,0,0,0,0
"Vitvi01g04115",0,0,0,0.00663558106169297,0,0.0581867388362652,0.000446827524575514,0,0,0,0,0,0,0,0,0,0,0,0,0,0,0,0,0
"Vitvi01g04132",0,0,0,0.000540735400144196,0,0,0,0,0,0,0,0,0,0,0,0,0,0,0,0,0.0193704600484262,0,0,0
"Vitvi02g00032",0,0,0,0.220265900107797,0,0.00153217568947906,0.00915264245645114,0,0,0,0,0,0,0,0,0,0,0,0,0,0,0,0,0
"Vitvi02g00086",0,0,0,0.00954095409540954,0,0.00128865979381443,0.00224315836698071,0,0,0,0.00960994912379876,0,0,0,0,0,0,0,0,0,0,0,0,0
"Vitvi02g00429",0,0.0134493670886076,0.00280504908835905,0,0,0,0,0,0.112534309240622,0,0,0,0,0,0,0,0,0,0,0,0,0,0,0
"Vitvi02g00446",0,0.0088638195004029,0.0170496664195701,0,0,0,0,0,0.0975108472253939,0,0,0,0,0,0,0,0,0,0,0,0,0,0,0
"Vitvi02g01355",0,0,0,0.0726226856012943,0,0,0.0113104524180967,0,0,0,0,0,0,0,0.00198216055500496,0,0,0,0,0,0,0,0,0
"Vitvi02g01360",0,0,0,0.00126422250316056,0,0,0,0,0,0,0.0029120559114735,0,0,0,0,0,0,0,0,0,0,0,0,0
"Vitvi02g04106",0,0.0034910783553142,0.0069204152249135,0,0,0,0,0,0.123133471169309,0,0,0,0,0,0,0,0,0,0,0,0,0,0,0
"Vitvi02g04134",0,0,0,0,0,0.00121065375302663,0,0,0,0,0.0730566919929866,0,0,0,0,0,0,0,0,0,0,0,0,0
"Vitvi02g04135",0,0,0,0,0,0.00120336943441637,0,0,0,0,0.075978959672706,0,0,0,0,0,0,0,0,0,0,0,0,0
"Vitvi03g00318",0,0,0,0.000361402240693892,0,0.00284495021337127,0,0,0,0,0,0,0,0,0,0,0,0,0,0,0,0,0,0
"Vitvi03g00692",0,0,0,0.0873873873873874,0,0.00584795321637427,0.00112866817155756,0,0,0,0.0036281179138322,0,0,0,0,0,0,0,0,0,0,0,0,0
"Vitvi03g01258",0,0,0,0.000538116591928251,0,0.0135685210312076,0,0,0,0,0,0,0,0,0,0,0,0,0,0,0.0394736842105263,0,0,0
"Vitvi03g01809",0.073051948051948,0.000471031559114461,0.00100908173562059,0,0,0,0,0,0,0,0,0,0,0,0,0,0,0,0,0,0,0,0,0
"Vitvi03g04266",0,0,0,0.0037661406025825,0,0.0580110497237569,0,0,0,0,0,0,0,0,0,0,0,0,0,0,0.00225733634311512,0,0,0
"Vitvi03g04466",0,0,0,0.00126103404791929,0,0,0,0,0,0,0,0,0,0,0.00166389351081531,0,0,0,0,0,0.0216606498194946,0,0,0
"Vitvi04g00017",0,0,0,0.00703844071467244,0,0,0.00318326512050932,0,0,0,0,0,0,0,0.00321543408360129,0,0,0,0,0,0,0,0,0
"Vitvi04g01325",0.015115354017502,0.00386473429951691,0,0,0,0,0,0,0,0,0,0,0,0,0,0.0722433460076046,0,0,0,0,0,0,0,0
"Vitvi04g01375",0.0144115292233787,0.00193704600484262,0,0,0,0,0,0,0,0,0,0,0,0,0,0.0581395348837209,0,0,0,0,0,0,0,0
"Vitvi04g01550",0,0.0121023513139696,0.0106981981981982,0,0,0,0,0,0.191659070191431,0,0,0,0,0,0,0,0,0,0,0,0,0,0,0
"Vitvi04g01887",0.00126262626262626,0.01143583227446,0.0178282009724473,0,0,0,0,0,0.0695553021664766,0,0,0,0,0,0,0,0,0,0,0,0,0,0,0
"Vitvi04g02114",0,0,0,0.00307025465053278,0.00165837479270315,0.00556328233657858,0,0,0,0,0,0,0,0,0,0,0,0,0,0,0,0,0,0
"Vitvi04g04010",0,0,0,0.000178858880343409,0,0.0809659090909091,0,0,0,0,0.00113122171945701,0,0,0,0,0,0,0,0,0,0,0,0,0
"Vitvi04g04011",0,0,0,0.000357270453733476,0,0.0923295454545455,0,0,0,0,0.00056274620146314,0,0,0,0,0,0,0,0,0,0,0,0,0
"Vitvi04g04029",0,0,0,0.000721240533717995,0,0,0.000459770114942529,0,0,0,0,0,0,0,0.00848896434634975,0,0,0,0,0,0.00960384153661465,0,0,0
"Vitvi05g00108",0,0.00736196319018405,0.0191424196018377,0,0,0,0,0,0.0886451907699337,0,0,0,0,0,0,0,0,0,0,0,0,0,0,0
"Vitvi05g00675",0,0.00727272727272727,0.0383141762452107,0,0,0,0,0,0.0289227966294694,0,0,0,0,0,0,0,0,0,0,0,0.00099403578528827,0,0,0
"Vitvi05g00726",0.0039032006245121,0.00432900432900433,0.00950369588173178,0,0,0,0,0,0.00757401882028919,0,0,0,0,0,0,0,0,0,0,0,0,0,0,0
"Vitvi05g01579",0.0566343042071197,0,0.00102564102564103,0,0,0,0.00224315836698071,0,0,0,0,0,0,0,0,0,0,0,0,0,0,0,0,0
"Vitvi05g01674",0.0267584097859327,0.0141843971631206,0.00297029702970297,0,0,0,0,0,0.010222626079055,0,0,0,0,0,0,0,0,0,0,0,0,0,0,0
"Vitvi05g02234",0,0,0,0,0,0.00127226463104326,0,0,0,0,0.0496785505552309,0,0,0,0,0,0,0,0,0,0,0,0,0
"Vitvi05g04062",0.041429731925264,0.000480076812289966,0,0,0,0,0,0,0,0,0,0,0,0,0,0,0,0,0,0,0,0,0,0
"Vitvi05g04232",0.0201775625504439,0.00193986420950533,0,0,0,0,0.000456412596987677,0,0,0,0,0,0,0,0,0.0150375939849624,0,0,0,0,0,0,0,0
"Vitvi05g04487",0,0,0,0,0,0,0,0,0,0,0.0362573099415205,0,0,0,0,0,0,0,0,0,0,0,0,0
"Vitvi05g04494",0,0,0,0,0,0.00125786163522013,0,0,0,0,0.0549386323787259,0,0,0,0,0,0,0,0,0,0,0,0,0
"Vitvi06g01410",0,0,0,0.0120960462177288,0,0.00780234070221066,0,0,0,0,0.000560852495793606,0,0,0,0,0,0,0,0,0,0,0,0,0
"Vitvi06g01618",0,0,0,0.00142196942765731,0,0.126227208976157,0,0,0,0,0,0,0,0,0,0,0,0,0,0,0.00434310532030402,0,0,0
"Vitvi06g04121",0,0,0,0,0,0.0984308131241084,0,0,0,0,0,0,0,0,0,0,0,0,0,0,0,0,0,0
"Vitvi07g00283",0,0,0,0.0048771676300578,0,0.00549450549450549,0,0,0,0,0,0,0,0,0,0,0,0,0,0,0,0,0,0
"Vitvi07g00523",0,0.025480059084195,0,0,0,0,0,0,0.153531682943448,0,0,0,0,0,0,0,0,0,0,0,0,0,0,0
"Vitvi07g00890",0,0,0,0,0,0.00123762376237624,0,0,0,0,0.0625365283459965,0,0,0,0,0,0,0,0,0,0,0,0,0
"Vitvi07g01267",0,0,0,0.136601189403496,0,0,0.00479616306954436,0,0,0,0,0,0,0,0.00222551928783383,0,0,0,0,0,0,0,0,0
"Vitvi07g01315",0.073051948051948,0.000471031559114461,0,0,0,0,0.000444642063139173,0,0,0,0,0,0,0,0,0,0,0,0,0,0,0,0,0
"Vitvi07g01342",0,0,0,0.077020202020202,0,0,0.00386548125241593,0,0,0,0,0,0,0.00153374233128834,0.000986193293885602,0,0,0,0,0,0,0,0,0
"Vitvi07g01407",0,0,0,0.00648999459167117,0,0.00133155792276964,0,0,0,0,0.00801373783629078,0,0,0,0,0,0,0,0,0,0,0,0,0
"Vitvi07g01719",0,0,0.0142387732749179,0.00054005400540054,0,0,0.00459981600735971,0,0,0,0,0,0,0,0,0,0,0,0,0,0,0,0,0
"Vitvi07g01829",0.000523012552301255,0.0104205433569036,0.0173521850899743,0,0,0,0,0,0.142824601366743,0,0,0,0,0,0,0,0,0,0,0,0,0,0,0
"Vitvi07g02323",0,0,0,0,0,0.00120627261761158,0,0,0,0,0.0748100526008182,0,0,0,0,0,0,0,0,0,0,0,0,0
"Vitvi07g03086",0.00152905198776758,0,0.0852713178294574,0,0,0,0,0,0.000226603217765692,0,0,0,0,0,0,0,0,0,0,0,0,0,0,0
"Vitvi08g00795",0.0143540669856459,0.00290135396518375,0,0,0,0,0,0,0,0,0,0,0,0,0,0.0692307692307692,0,0,0,0,0,0,0,0
"Vitvi08g00957",0,0,0,0.00108283703302653,0.011864406779661,0.0013986013986014,0,0,0,0,0,0,0,0,0,0,0,0,0,0,0,0,0,0
"Vitvi08g01235",0,0,0,0,0,0.00371287128712871,0,0,0,0,0.0624635143023935,0,0,0,0,0,0,0,0,0,0,0,0,0
"Vitvi08g01333",0,0,0,0.00359130903214222,0,0.0106666666666667,0,0,0,0,0,0,0,0,0,0,0,0,0,0,0.0340775558166862,0,0,0
"Vitvi08g01617",0,0,0,0.00324558240173098,0,0.019471488178025,0,0,0,0,0,0,0,0,0,0,0,0,0,0,0,0,0,0
"Vitvi08g01846",0,0,0,0.000361076006499368,0,0,0.002776492364646,0,0,0,0.000582072176949942,0,0,0,0,0,0,0,0,0,0,0,0,0
"Vitvi08g01897",0,0,0,0.00686168291802095,0,0.00539811066126856,0,0,0,0,0.00114155251141553,0,0,0,0,0,0,0,0,0,0,0,0,0
"Vitvi08g02218",0,0,0,0.0025,0,0.0711354309165527,0,0,0,0,0,0,0,0,0,0,0,0,0,0,0.0179977502812148,0,0,0
"Vitvi08g02288",0.0380258899676375,0,0,0,0,0,0.00272108843537415,0,0,0,0,0,0,0,0,0,0,0,0,0,0,0,0,0
"Vitvi09g00419",0.0802919708029197,0.001407789770061,0,0,0,0,0,0,0,0,0,0,0,0,0,0,0,0,0,0,0,0,0,0
"Vitvi09g00867",0,0,0,0.00214515552377547,0,0.0808926080892608,0.000448229493500672,0,0,0,0.00168444693992139,0,0,0,0,0,0,0,0,0,0,0,0,0
"Vitvi09g01646",0,0,0.00553097345132743,0,0,0,0,0,0.000921871398939848,0,0,0,0,0,0,0,0,0,0,0,0,0,0,0
"Vitvi09g01698",0,0,0.0277469478357381,0,0,0,0,0,0,0,0,0,0.0103092783505155,0,0,0,0,0,0,0,0,0,0,0
"Vitvi09g04280",0,0,0,0.000178986933953821,0,0.0783475783475783,0,0,0,0,0,0,0,0,0,0,0,0,0,0,0,0,0,0
"Vitvi10g00562",0,0,0,0.257147994964934,0,0,0.00667965488449763,0,0,0,0.000315656565656566,0,0,0,0.00196947316592811,0,0,0,0,0,0,0,0,0
"Vitvi10g00984",0,0,0,0.00017860332202179,0,0.0954415954415954,0,0,0,0,0,0,0,0,0,0,0,0,0,0,0,0,0,0
"Vitvi10g01812",0,0,0,0.0634694241397754,0,0,0.0306284805091488,0,0,0,0,0,0,0,0,0,0,0,0,0,0,0,0,0
"Vitvi10g04044",0,0,0,0,0,0.0927246790299572,0,0,0,0,0,0,0,0,0,0,0,0,0,0,0,0,0,0
"Vitvi10g04085",0,0,0,0.00397111913357401,0,0.0110650069156293,0,0,0,0,0,0,0,0,0,0,0,0,0,0,0,0,0,0
"Vitvi10g04276",0,0,0,0.166335919177341,0,0,0.00292018170019468,0,0,0,0,0,0,0,0.0013271400132714,0,0,0,0,0,0,0,0,0
"Vitvi10g04282",0,0.000484730974309258,0.00647948164146868,0,0,0,0,0,0.00575904169546188,0,0,0,0,0,0,0,0,0,0,0,0,0,0,0
"Vitvi10g04464",0.0135350318471338,0.00338491295938104,0,0,0,0,0,0,0,0,0,0,0,0,0,0.0730769230769231,0,0,0,0,0,0,0,0
"Vitvi10g04504",0,0,0,0.00428189116859946,0,0.100689655172414,0,0,0,0,0,0,0,0,0,0,0,0,0,0,0,0,0,0
"Vitvi11g00075",0,0.0130264871906209,0,0,0,0,0,0,0.0620989917506874,0,0,0,0,0,0,0,0,0,0,0,0,0,0,0
"Vitvi11g00217",0,0,0,0.00355239786856128,0,0.134349030470914,0.00043956043956044,0,0,0,0,0,0,0,0,0,0,0,0,0,0,0,0,0
"Vitvi11g00285",0,0,0,0.0346758172295467,0,0,0.00212765957446809,0,0,0,0,0,0,0,0,0,0,0,0,0,0,0,0,0
"Vitvi11g00286",0,0,0,0.0273507329281373,0,0.0713450292397661,0.000421585160202361,0,0,0,0,0,0,0,0,0,0,0,0,0,0,0,0,0
"Vitvi11g01637",0,0,0,0.00053898670499461,0,0.00135685210312076,0,0,0,0,0,0,0,0,0,0,0,0,0,0,0.0399032648125756,0,0,0
"Vitvi12g00368",0,0,0,0.00251346499102334,0,0.0161943319838057,0,0,0,0,0,0,0,0,0,0,0,0,0,0,0.0306242638398115,0,0,0
"Vitvi12g01776",0,0,0,0,0,0.001230012300123,0,0,0,0,0.065458796025716,0,0,0,0,0,0,0,0,0,0,0,0,0
"Vitvi12g01881",0.0102414045354792,0.010180472003702,0.0164410058027079,0,0,0,0,0,0.0223387280601778,0,0,0,0,0,0,0,0,0,0,0,0,0,0,0
"Vitvi12g01882",0.0134069400630915,0.00288322921672273,0.00315126050420168,0,0,0,0,0,0.00665137614678899,0,0,0,0,0,0,0,0,0,0,0,0,0,0,0
"Vitvi12g01921",0.0435483870967742,0,0.00207900207900208,0,0,0,0.003613369467028,0,0,0,0,0,0,0,0,0,0,0,0,0,0,0,0,0
"Vitvi12g02011",0.0445705024311183,0.000478468899521531,0.00313807531380753,0,0,0,0,0,0,0,0,0,0,0,0,0,0,0,0,0,0,0,0,0
"Vitvi12g02633",0.0657467532467532,0.000473036896877956,0,0,0,0,0,0,0,0,0,0,0.00649350649350649,0,0,0,0,0,0,0,0,0,0,0
"Vitvi12g04108",0.0803571428571429,0.000938526513374003,0,0,0,0,0,0,0,0,0,0,0,0,0,0,0,0,0,0,0,0,0,0
"Vitvi12g04404",0.0794165316045381,0.000938086303939962,0.000999000999000999,0,0,0,0.000442673749446658,0,0,0,0,0,0,0,0,0,0,0,0,0,0,0,0,0
"Vitvi12g04463",0.0535279805352798,0.000476190476190476,0.00206825232678387,0,0,0,0,0,0,0,0,0,0,0,0,0,0,0,0,0,0,0,0,0
"Vitvi12g04498",0.0470397404703974,0.000478011472275335,0,0,0,0,0.0009021199819576,0,0,0,0,0,0,0,0,0,0,0,0,0,0,0,0,0
"Vitvi12g04515",0.0235008103727715,0,0.00107296137339056,0,0,0,0.00137111517367459,0,0,0,0,0,0,0,0,0,0,0,0,0,0,0,0,0
"Vitvi12g04518",0,0,0.0132304299889746,0.00018018018018018,0,0,0,0,0,0,0,0.00389105058365759,0,0,0,0,0,0,0,0,0.00597371565113501,0,0,0
"Vitvi12g04543",0.0110497237569061,0,0.0370774263904035,0,0,0,0.0013599274705349,0,0,0,0,0,0,0,0,0,0,0,0,0,0,0,0,0
"Vitvi12g04545",0.0329581993569132,0,0.00951374207188161,0,0,0,0.00226449275362319,0,0,0,0,0,0,0,0,0,0,0,0,0,0,0,0,0
"Vitvi12g04595",0,0,0,0,0,0.0482954545454545,0,0,0,0,0.00172018348623853,0,0,0,0,0,0,0,0,0,0,0,0,0
"Vitvi12g04598",0.0632090761750405,0.00142112742775936,0,0,0,0,0,0,0,0,0,0,0.0065359477124183,0,0,0,0,0,0,0,0,0,0,0
"Vitvi12g04607",0.0713128038897893,0.000471031559114461,0.00100908173562059,0,0,0,0.000889679715302491,0,0,0,0,0,0,0,0,0,0,0,0,0,0,0,0,0
"Vitvi12g04630",0,0,0,0,0,0.00240673886883273,0,0,0,0,0.0759345794392523,0,0,0,0,0,0,0,0,0,0,0,0,0
"Vitvi13g00004",0,0,0,0.0881557598702001,0,0,0.00566679259539101,0,0,0,0,0,0,0,0,0,0,0,0,0,0,0,0,0
"Vitvi13g00551",0,0,0,0.0133381398702235,0,0,0.00671742051052396,0,0,0,0,0,0,0,0.00150375939849624,0,0,0,0,0,0,0,0,0
"Vitvi13g01098",0,0.0231707317073171,0.0102115244347192,0,0,0,0,0,0.0939841089670829,0,0,0,0,0,0,0,0,0,0,0,0,0,0,0
"Vitvi13g01468",0,0,0,0.000887941751021133,0,0.137005649717514,0,0,0,0,0,0,0,0,0,0,0,0,0,0,0.00216216216216216,0,0,0
"Vitvi13g01608",0,0,0,0,0,0.0368794326241135,0,0,0,0,0.000575043128234618,0,0,0,0,0,0,0,0,0,0,0.00600600600600601,0,0
"Vitvi13g01616",0,0,0,0.000717102904266762,0,0.0652482269503546,0,0,0,0,0,0,0,0,0,0,0,0,0,0,0,0,0,0
"Vitvi13g01638",0,0,0,0.000894294401717045,0,0.0835694050991501,0,0,0,0,0,0,0,0,0,0,0,0,0,0,0,0,0,0
"Vitvi13g01984",0,0,0,0,0,0.0783475783475783,0,0,0,0,0.00056657223796034,0,0,0,0,0,0,0,0,0,0,0,0,0
"Vitvi13g04528",0,0,0,0.000885896527285613,0,0.155367231638418,0,0,0,0,0,0,0,0,0,0,0,0,0,0,0.00213219616204691,0,0,0
"Vitvi13g04529",0,0,0,0.000708466170740347,0,0.160056657223796,0,0,0,0,0,0,0,0,0,0,0,0,0,0,0.00106382978723404,0,0,0
"Vitvi13g04677",0,0,0,0.0014336917562724,0,0.0661971830985915,0,0,0,0,0,0,0,0,0,0,0,0,0,0,0.00113895216400911,0,0,0
"Vitvi13g04698",0,0,0,0.00412260261695644,0,0.0619834710743802,0.000449034575662326,0,0,0,0.000562113546936481,0,0,0,0,0,0,0,0,0,0,0,0,0
"Vitvi13g04706",0,0,0,0.000889838049474995,0,0.121640735502122,0,0,0,0,0.000555247084952804,0,0,0,0,0,0,0,0,0,0,0,0,0
"Vitvi14g00438",0,0.0174731182795699,0,0,0,0,0,0,0.0457351932311914,0,0,0,0,0,0,0,0,0,0,0,0,0,0,0
"Vitvi14g01926",0,0,0,0.00108459869848156,0,0,0,0,0,0,0,0,0,0,0,0,0,0,0,0,0,0,0,0
"Vitvi14g04416",0.00558213716108453,0,0,0,0,0,0,0,0,0.00930232558139535,0,0,0,0,0,0.0897959183673469,0,0,0,0,0,0,0,0
"Vitvi15g01247",0,0,0.0966666666666667,0,0,0,0,0,0,0,0,0,0,0,0,0,0,0,0,0,0,0,0,0
"Vitvi16g00901",0,0,0,0,0,0.00570613409415121,0,0,0,0,0,0,0,0,0,0,0,0,0,0,0,0,0,0
"Vitvi16g04295",0,0,0,0.0914997292907417,0,0,0.00337711069418386,0,0,0,0,0,0,0,0,0,0,0,0,0,0,0,0,0
"Vitvi16g04448",0.0194331983805668,0.000485436893203883,0,0,0,0,0.00183234081539166,0,0,0,0,0,0,0,0,0,0,0,0,0,0,0,0,0
"Vitvi17g00339",0.00161943319838057,0.000490677134445535,0.00220994475138122,0,0,0,0,0,0.000460935699469924,0,0,0,0,0,0,0,0,0,0,0,0,0,0,0
"Vitvi17g00461",0.031502423263328,0,0,0,0,0,0.00318471337579618,0,0,0,0,0,0.00847457627118644,0,0,0,0,0,0,0,0,0,0,0
"Vitvi17g00704",0,0,0,0.103979921118681,0,0.0137509549274255,0.00869565217391304,0,0,0,0.00171526586620926,0,0,0,0,0,0,0,0,0,0,0,0,0
"Vitvi17g00936",0,0.0021551724137931,0.00302480338777979,0,0,0,0,0,0.171921749136939,0,0,0,0,0,0,0,0,0,0,0,0,0,0,0
"Vitvi17g01373",0,0,0.0214723926380368,0,0,0,0,0,0.017910447761194,0,0,0,0,0,0,0,0,0,0,0,0,0,0,0
"Vitvi18g00174",0,0,0,0.00142933714489905,0,0.0916784203102962,0,0,0,0,0,0,0,0,0,0,0,0,0,0,0,0,0,0
"Vitvi18g00191",0.033306255077173,0.000482392667631452,0,0,0,0,0,0,0,0,0,0,0,0,0,0,0,0,0,0,0,0,0,0
"Vitvi18g00462",0,0,0,0.00664869721473495,0,0.0433017591339648,0,0,0,0,0.000562113546936481,0,0,0,0,0,0,0,0,0,0,0,0,0
"Vitvi18g00473",0,0,0,0.0122566690699351,0,0,0.0049305244285074,0,0,0,0.00279485746226942,0,0,0,0,0,0,0,0,0,0,0,0,0
"Vitvi18g02222",0,0,0,0.00017921146953405,0,0.0683760683760684,0,0,0,0,0,0,0,0,0,0,0,0,0,0,0,0,0,0
"Vitvi18g02825",0,0,0,0.000722282412423258,0,0.00851063829787234,0,0,0,0,0,0,0,0,0,0,0,0,0,0,0,0,0,0
"Vitvi18g02837",0,0.0050880626223092,0.00560224089635854,0,0,0,0,0,0.118254879448909,0,0,0,0,0,0,0,0,0,0,0,0,0,0,0
"Vitvi18g04551",0,0,0.0911111111111111,0,0,0,0,0,0,0,0,0,0,0,0,0,0,0,0,0,0,0,0,0
"Vitvi18g04640",0,0,0,0,0,0,0,0,0,0,0.0666666666666667,0,0,0,0,0,0,0,0,0,0,0,0,0
"Vitvi19g00270",0,0.0158216468896081,0.00415183867141162,0,0,0,0,0,0.16921322690992,0,0,0,0,0,0,0,0,0,0,0,0,0,0,0
"Vitvi19g00476",0,0,0,0.000714540907466952,0,0.0905233380480905,0,0,0.000227117874176698,0,0,0,0,0,0,0,0,0,0,0,0.00112107623318386,0,0,0
"Vitvi19g00709",0,0,0,0,0,0.0955777460770328,0,0,0,0,0,0,0,0,0,0,0,0,0,0,0,0,0,0
"Vitvi19g01484",0.000562113546936481,0.00349786241741158,0.00904662491301322,0,0,0,0,0,0.1209547854028,0,0,0,0,0,0,0,0,0,0,0,0,0,0,0
"Vitvi19g01610",0,0,0,0.000355239786856128,0,0.139402560455192,0,0,0,0,0,0,0,0,0,0,0,0,0,0,0,0,0,0
"Vitvi19g01612",0,0,0,0.00106856634016028,0,0.117397454031117,0,0,0,0,0,0,0,0,0,0,0,0,0,0,0,0,0,0
"Vitvi19g01720",0.080226904376013,0.00187705302674801,0,0,0,0,0,0,0,0,0,0,0,0,0,0,0,0,0,0,0,0,0,0
"Vitvi19g01790",0,0,0,0.00736879942487419,0,0.0389261744966443,0,0,0,0,0.00168539325842697,0,0,0,0,0,0,0,0,0,0,0,0,0
"Vitvi19g04572",0,0,0,0.000355745286374956,0,0.128022759601707,0,0,0,0,0,0,0,0,0,0,0,0,0,0,0,0,0,0
