gene	common_name	Rpv12|0	Rpv12|6	Rpv12|24	Rpv12+1|0	Rpv12+1|6	Rpv12+1|24	Rpv12+1+3|0	Rpv12+1+3|6	Rpv12+1+3|24	layer	label
Vitvi01g04414	EIX1	3.67394102775013	2.22941068081136	1.06180292169536	1.58973980406287	1.01960655967054	0.0318643272165021	-0.00939821575225498	0.166588266063051	0.380452174781888	Pattern recognition	EIX1 (Vitvi01g04414)
Vitvi01g04416	EIX1	3.61881491356724	0.289368990795043	-0.794164979455123	0.323524178542052	-0.130948095417534	-3.91694961424531	-0.144525458195353	-0.580285991445271	-1.31853842491925	Pattern recognition	EIX1 (Vitvi01g04416)
Vitvi01g04419	EIX1	3.81831661201996	0.359026309594649	0.276513227452919	0.644448695866664	0.0186549910290793	-0.991949537093038	0.019276285246774	-0.36744325169793	0.276504649019539	Pattern recognition	EIX1 (Vitvi01g04419)
Vitvi01g04429	EIX1	2.19274752098464	0.746179058703413	-0.335224974485801	0.144968738698722	-0.022769372085622	-3.41042826857432	-0.206731058573737	-1.07833558844481	-0.998455564556034	Pattern recognition	EIX1 (Vitvi01g04429)
Vitvi08g00703	EIX1	2.36884789435916	1.25088560757044	0.410962425897055	0.823896010024045	0.172082483388134	-0.586732937580202	0.490975258238155	0.17529951078892	-0.00764126410438717	Pattern recognition	EIX1 (Vitvi08g00703)
Vitvi08g02068	EIX1	3.20052849494237	0.540408070185904	0.405109877510289	1.8947794216732	0.116658427017599	-0.294548508248143	0.828265359721473	0.174076641748911	0.0509695243060158	Pattern recognition	EIX1 (Vitvi08g02068)
Vitvi09g01335	EIX1	5.38810726560342	2.4612246219317	-0.612759557942314	0.733494863931544	0.0403193447170705	-2.61254882781999	-0.0209266349951788	-0.0938911997327128	-0.540723392394063	Pattern recognition	EIX1 (Vitvi09g01335)
Vitvi09g04205	EIX1	2.98280400188458	0.355392627332794	-0.896213367387898	0.29909377611416	-0.075630578924991	-2.0808942145089	0.097531176291421	0.0584337713684202	-0.234896325456038	Pattern recognition	EIX1 (Vitvi09g04205)
Vitvi09g04475	EIX1	3.66518567542373	2.56251257731117	0.016104707936874	1.50187231637009	0.358745783646373	-0.264173120629842	0.173197844696349	0.230033216675189	0.283640471041675	Pattern recognition	EIX1 (Vitvi09g04475)
Vitvi09g04535	EIX1	7.01709513417184	5.18102803845069	0.0691684641294422	3.37939515891901	0.275720389414691	-0.812978859997748	1.50070313095145	0.892986977373615	-0.121460264763787	Pattern recognition	EIX1 (Vitvi09g04535)
Vitvi09g04536	EIX1	5.40471044228229	3.53341729711266	-0.307119210899687	2.32397937917266	0.0237934675908111	-4.1055431431442	-0.0277093223711152	-0.0307229129305678	-0.53036066671086	Pattern recognition	EIX1 (Vitvi09g04536)
Vitvi09g04541	EIX1	5.33870383047966	3.34997597799611	0.750856398540718	1.72777785020004	0.639275318889896	-0.145122101553746	0.957463176912534	0.169742551138757	0.397410932451252	Pattern recognition	EIX1 (Vitvi09g04541)
Vitvi09g04548	EIX1	3.91131337321591	2.74960413753594	-0.334832339785953	0.36215170491129	-0.0611098838719153	-2.7057261638237	-0.779473269901264	-0.330041262785756	-0.790247265372704	Pattern recognition	EIX1 (Vitvi09g04548)
Vitvi09g04565	EIX1	4.78601396217021	2.56204659869171	-0.0456754470040249	1.52943934021016	0.226076353979099	-1.02620684104854	-0.338654678588884	-0.498762875983644	-0.516982824769465	Pattern recognition	EIX1 (Vitvi09g04565)
Vitvi10g02023	EIX1	4.71379339363529	3.14782497442726	-0.516052603476424	2.71932773009993	1.52213481374321	-0.251006524605516	1.37505115466852	0.634860114793372	0.0823135979426596	Pattern recognition	EIX1 (Vitvi10g02023)
Vitvi11g01641	EIX1	2.52011459828891	1.04443775619536	-0.441164604135248	0.255988192399347	-0.294004469436884	-1.45887028467507	-0.344376956175964	-0.321119903110512	-0.55341305346135	Pattern recognition	EIX1 (Vitvi11g01641)
Vitvi13g04184	EIX1	2.31993108719246	0.821561789471446	0.0122998739225986	2.46935350399765	0.298406090109317	-0.228867629173905	0.222142600595186	-0.0424174538894742	0.321900283271154	Pattern recognition	EIX1 (Vitvi13g04184)
Vitvi14g01967	EIX1	3.3995540084125	0.89675491246974	-0.270923711125137	1.46184560132011	0.182306773963694	-0.866817243837718	0.193017708463756	-0.159170614340253	-0.377823434948903	Pattern recognition	EIX1 (Vitvi14g01967)
Vitvi17g01392	EIX1	1.99494254144088	0.468637823102054	0.360314054882838	0.732024125872171	0.0600152919352707	-0.0113043805526662	-0.0394467557530151	-0.293699664221042	0.26401771749595	Pattern recognition	EIX1 (Vitvi17g01392)
Vitvi18g01676	EIX1	1.88719123271704	0.699493135766322	-0.70629617352701	0.446327373467194	0.441619267022762	-0.365967904291225	0.335994338469574	0.223707544476707	-0.131203361515866	Pattern recognition	EIX1 (Vitvi18g01676)
Vitvi18g03244	EIX1	5.55572293966622	2.61283780391522	0.101829565442672	2.05161479359957	0.202459699657887	-0.65575181653932	0.231645603000677	0.164463075506771	-0.295895164081743	Pattern recognition	EIX1 (Vitvi18g03244)
Vitvi19g02292	EIX1	3.35707029735843	0.897495568576493	-0.232508131031274	0.786404009978985	-0.121586275032917	-1.56856718586197	-0.0683853818387482	-0.537559720692044	-0.44664838779017	Pattern recognition	EIX1 (Vitvi19g02292)
Vitvi14g03057	MIK2	5.06502680675108	2.02583370008243	-0.525117501885156	2.33388093733393	0.0515554176801548	-0.87600865691958	0.292448797473542	-0.15937655968965	-0.121487373590555	Pattern recognition	MIK2 (Vitvi14g03057)
Vitvi01g00463	RGA4	-1.14946462443222	-2.26196127808887	-2.15879989311754	0.385421836805104	0.169437539199577	0.144730024563549	-4.23003974648541	-4.16540806622957	-2.43226979062135	Effector recognition	RGA4 (Vitvi01g00463)
Vitvi01g01701	RGA4	-1.55159789683172	-1.84634762702058	-2.3526213470246	1.9002116472438	0.19177295382548	0.105799522212532	-1.21020356057459	-1.78572158751857	-1.14001426710364	Effector recognition	RGA4 (Vitvi01g01701)
Vitvi01g04052	RGA4	-6.31929075823342	-8.88078057359557	-8.26324547474062	2.22442077333092	0.133957450403802	0.122765846277581	-6.63496574586328	-8.41575279597571	-10.2586278940886	Effector recognition	RGA4 (Vitvi01g04052)
Vitvi01g04115	RGA4	-0.779156659759435	-3.99717797140304	-2.28479912919694	0.783570100357786	0.0394511348582287	0.141831220601679	-6.04905373798637	-8.23263989889855	-5.39388843039124	Effector recognition	RGA4 (Vitvi01g04115)
Vitvi02g04226	RGA4	-3.59717213547838	-0.120855408791199	-3.06270772695872	0.777717745436092	2.46246873094822	0.427408462262364	-1.24142630168952	-0.462902176452559	-2.79939079522872	Effector recognition	RGA4 (Vitvi02g04226)
Vitvi03g00745	RGA4	-7.35824670474058	-3.03490353964302	-3.85770684339771	0.176190767445313	0.18995329384087	-0.648708170563478	-7.66288226959775	-7.01581876718571	-8.41413104009244	Effector recognition	RGA4 (Vitvi03g00745)
Vitvi03g00752	RGA4	-2.41505991888591	-4.87241969936485	-1.22197663263572	0.38252295448138	0.125059033535535	-0.756360946770418	-7.33532998951067	-6.5797401298174	-4.96527649708558	Effector recognition	RGA4 (Vitvi03g00752)
Vitvi03g01649	RGA4	-6.01703860197798	-6.50679743871962	-3.66325768364797	0.827905425361672	0.27581666626913	-1.11531779287001	-6.33403442259674	-6.74564046500159	-5.68015155843751	Effector recognition	RGA4 (Vitvi03g01649)
Vitvi04g00646	RGA4	-6.27442603883616	-2.02066252668796	-0.486138763940945	0.959458356250043	-0.0146425070405819	0.0732328984067076	-6.58706592039513	-7.13945907073363	-8.79852666473851	Effector recognition	RGA4 (Vitvi04g00646)
Vitvi04g04010	RGA4	-10.1744862146059	-11.2491219913123	-12.2838172587158	0.804074034993927	-0.0525023790413852	-2.96918614520207	-10.4621214157012	-10.9189688567611	-14.728255606325	Effector recognition	RGA4 (Vitvi04g04010)
Vitvi04g04011	RGA4	-5.30265946965738	-8.22434299815117	-9.66788509499914	1.14567168659242	-0.192808384462361	-2.54022639323055	-11.9106129017709	-8.88736651042685	-10.2822578765536	Effector recognition	RGA4 (Vitvi04g04011)
Vitvi05g04527	RGA4	-2.41014088332297	-1.51017749031885	-1.6156535437697	1.63216240800025	1.79255482173287	1.22578059517687	-3.00013286106797	-3.6990181304559	-5.47027015428489	Effector recognition	RGA4 (Vitvi05g04527)
Vitvi06g01255	RGA4	-0.933707187857707	-1.30663717685895	-1.66803444442323	2.70577881197512	0.437258293183918	-0.0858351599577668	-0.7994327987378	-0.667264909133033	-2.55661005618853	Effector recognition	RGA4 (Vitvi06g01255)
Vitvi06g04118	RGA4	-6.49472788674461	-4.36383835378449	-8.15192627806264	0.189957405900292	0.0622977189527511	-0.590074349970262	-6.80532062659079	-6.31257545239341	-8.26175427438264	Effector recognition	RGA4 (Vitvi06g04118)
Vitvi06g04121	RGA4	-8.94685512529196	-7.07301818209515	-9.81884059797141	0.187803135081055	0.0329864086450454	-0.254891438652041	-9.23909449008772	-7.32579639958508	-7.27177322183465	Effector recognition	RGA4 (Vitvi06g04121)
Vitvi08g02166	RGA4	-0.449468115525583	-5.34675719163372	-2.78489879013309	1.84656845971418	0.0648996307215954	1.81360126542942	-7.14672498374629	-9.24366986958393	-3.00674705611577	Effector recognition	RGA4 (Vitvi08g02166)
Vitvi08g02238	RGA4	-1.64404131957554	-0.983379082926472	-0.132897757793976	-0.0620625187272827	0.0963144367633384	-0.110548951417372	-2.29432965674375	-2.14090732580216	-1.89793544478207	Effector recognition	RGA4 (Vitvi08g02238)
Vitvi08g04277	RGA4	-2.15884901423615	-0.939956660196923	0.694357283576625	0.084939634411398	0.198899793946975	0.331906283927764	-3.19102680228035	-3.04006256209335	-2.13397627700454	Effector recognition	RGA4 (Vitvi08g04277)
Vitvi09g00867	RGA4	-1.48086801326912	-4.21167634108597	-2.75313239885637	0.183858436073616	-0.243046139347942	-0.559499652886981	-9.6855301369698	-6.57882246960118	-6.91595393823223	Effector recognition	RGA4 (Vitvi09g00867)
Vitvi09g01764	RGA4	-2.29242403196808	-3.49543204814497	-4.50879896166865	0.148005050209318	-0.222541963933802	-0.890543443415326	-7.9176663640746	-8.09534843080301	-5.44436589746171	Effector recognition	RGA4 (Vitvi09g01764)
Vitvi09g04280	RGA4	-7.42013241514962	-8.74377176749173	-8.17470254627355	0.293323082696601	-0.316292533727027	-0.0657826195216082	-7.72102769038159	-8.5837188405695	-8.09054238075625	Effector recognition	RGA4 (Vitvi09g04280)
Vitvi09g04286	RGA4	-4.78592304981586	-8.13920067365343	-6.13092342048787	0.238549267276257	-0.077049957496277	0.128085164146714	-7.06953239629499	-8.15382622889391	-6.27756916286453	Effector recognition	RGA4 (Vitvi09g04286)
Vitvi10g00196	RGA4	-1.97075048931529	-1.05704992545925	-0.761220122491675	-0.143248439470208	-0.337273910674448	-0.719530607831292	-1.98571414627896	-1.9980319677118	-2.84649407159252	Effector recognition	RGA4 (Vitvi10g00196)
Vitvi10g00984	RGA4	-2.22475715117913	-1.61877758902156	-1.55564243664011	0.174251796597526	-0.239301701266214	-1.19242857212437	-2.9822332950951	-2.83929222869373	-3.52749764584958	Effector recognition	RGA4 (Vitvi10g00984)
Vitvi10g04063	RGA4	-3.99227860465928	-0.455998031776482	-0.0657207122990894	0.0744452363032984	0.125784013207038	0.0484871264677624	-4.20796678961383	-3.95442850582934	-3.10270651355001	Effector recognition	RGA4 (Vitvi10g04063)
Vitvi10g04504	RGA4	-1.65206693535221	-0.962893518989921	-0.585607619411619	0.726389224033466	0.0852927157872722	0.0341340558644423	-3.78645435341855	-2.98517936836715	-2.52006664885057	Effector recognition	RGA4 (Vitvi10g04504)
Vitvi11g00217	RGA4	-2.01286347631047	-1.33563014724405	-0.775043025889082	0.140038592479685	-0.174131575897132	-0.601216947270383	-4.22335702339247	-4.05934491664601	-4.00837634598912	Effector recognition	RGA4 (Vitvi11g00217)
Vitvi11g00286	RGA4	-0.330553215769238	-1.93989606232943	0.524892752138727	1.74902876277717	0.285833863151031	1.11204846213673	-4.88102224108216	-5.16320961797451	-3.21799377392633	Effector recognition	RGA4 (Vitvi11g00286)
Vitvi12g04477	RGA4	-1.6664173085703	-0.93742993969265	-1.69357976801521	-0.0498081916641084	0.63554331112065	-0.0438807312768542	-2.28901358719606	-1.16812013280244	-2.28422251867611	Effector recognition	RGA4 (Vitvi12g04477)
Vitvi12g04510	RGA4	-0.993911891882884	-1.16256828002919	0.710148985827721	2.27781078719673	2.25193184093733	1.94171827986396	-3.27043781123889	-2.63353061014168	-2.49619442059164	Effector recognition	RGA4 (Vitvi12g04510)
Vitvi12g04511	RGA4	-3.3996119510404	-0.582953889962082	0.74448812465739	1.72801754308453	1.77317031316052	1.9581680042583	-3.386356188333	-4.29961606866079	-2.59270102198937	Effector recognition	RGA4 (Vitvi12g04511)
Vitvi12g04533	RGA4	-2.12386214859253	-0.0395863128699546	-3.95385432169771	0.0950707284128697	0.292286002640352	-0.172457837221755	-7.4656579808294	-4.54925374983912	-8.66963732063381	Effector recognition	RGA4 (Vitvi12g04533)
Vitvi12g04595	RGA4	-2.97546419865216	-2.63955416289441	-3.57769053671827	-0.794571857703005	-0.452001837875337	-1.28475595735383	-2.26716239193719	-2.56973935902226	-3.50418374988162	Effector recognition	RGA4 (Vitvi12g04595)
Vitvi13g00852	RGA4	-1.89115817530079	-1.41538817866079	-0.637387860776322	0.250795043880568	-0.0516722479688516	-0.220416742530419	-2.6628189541823	-3.06306098846104	-2.53185597300182	Effector recognition	RGA4 (Vitvi13g00852)
Vitvi13g01468	RGA4	-8.7475705318284	-1.05022396497397	-0.298743567460424	-0.307863218299219	-0.0368423965006235	-0.464786610017764	-8.17274267942033	-8.93078051285332	-7.66082445651786	Effector recognition	RGA4 (Vitvi13g01468)
Vitvi13g01608	RGA4	-4.81071598745734	-5.23629315045354	-3.72311947005166	-2.35401444081088	-0.00982295563730199	-0.190086282493689	-4.58014199546461	-6.06912407319744	-4.83839971806397	Effector recognition	RGA4 (Vitvi13g01608)
Vitvi13g01616	RGA4	-1.96027394788159	-2.10117330629036	-0.717636328306052	-0.203068818130277	-0.2523655275525	0.0114778706278427	-2.27891445767126	-2.28943893163529	-1.28584883522939	Effector recognition	RGA4 (Vitvi13g01616)
Vitvi13g01634	RGA4	-1.60940927105713	-1.21236033884645	-2.0930689336102	-0.147527624293653	0.159719218552466	0.246892680399225	-1.7548433645205	-1.9040924041615	-1.92311798494277	Effector recognition	RGA4 (Vitvi13g01634)
Vitvi13g01638	RGA4	-10.296455362243	-11.8838820732609	-12.3092757080412	1.52329429686758	-0.163042062805131	-0.204320827092186	-10.5832640116547	-11.579578762505	-12.0961417655279	Effector recognition	RGA4 (Vitvi13g01638)
Vitvi13g01984	RGA4	-3.99084020512602	-4.23525559749803	-4.24184217703773	-0.0271648806345656	0.01846344091608	-0.0503900518047069	-3.04810594360064	-3.54427314818262	-3.78690697943653	Effector recognition	RGA4 (Vitvi13g01984)
Vitvi13g02344	RGA4	-3.72368644687967	-0.948803224191115	-0.61089315587325	-0.376623466057615	-0.0345345309189966	-0.957184405282062	-3.21411763149857	-2.54406068469205	-2.90196895112509	Effector recognition	RGA4 (Vitvi13g02344)
Vitvi13g02360	RGA4	-0.867045828817492	-0.953913493065904	-0.581628523890399	-0.147306238868221	-0.198701013760023	-0.615224844479735	-2.40644149187564	-1.86591054923928	-2.1178359480173	Effector recognition	RGA4 (Vitvi13g02360)
Vitvi13g04521	RGA4	-8.33774051079308	-2.18057310336174	-0.175040031290383	-1.2307617250585	-0.250841270480127	-0.600177226799542	-10.9734775608538	-10.5172052534027	-9.8960628604831	Effector recognition	RGA4 (Vitvi13g04521)
Vitvi13g04522	RGA4	-7.10395463674774	-0.132463141473588	-0.393977793050434	-0.0500832866331012	0.0933898643648481	-0.270167969162769	-3.59747027698369	-5.8131107136915	-4.26385640216006	Effector recognition	RGA4 (Vitvi13g04522)
Vitvi13g04528	RGA4	-8.76813459958422	-2.65125220189204	-0.420305142424139	-0.0402605474947295	0.0178414506756017	-0.513468811030876	-9.96964485031169	-9.38840107193503	-8.36591690058447	Effector recognition	RGA4 (Vitvi13g04528)
Vitvi13g04529	RGA4	-5.61803597983844	-1.96483823560933	-0.671970038813373	-0.0180631889961752	-0.0962288106609276	-0.549135849355075	-5.69363205514078	-5.46186003208091	-6.47307559688314	Effector recognition	RGA4 (Vitvi13g04529)
Vitvi13g04537	RGA4	-2.64400808323191	-1.13051479104912	-0.978947732146923	-0.487693465191443	0.412421834628741	-0.242208254834982	-2.88519730857027	-2.31072786327467	-2.98215687793637	Effector recognition	RGA4 (Vitvi13g04537)
Vitvi13g04656	RGA4	-0.0634702296014922	-0.97775947888421	-1.91055037759296	0.761727606563414	0.0894324303075471	-0.0808079791598832	-1.30627573817571	-1.73066258464285	-2.12156392209402	Effector recognition	RGA4 (Vitvi13g04656)
Vitvi19g01610	RGA4	-5.63344104049073	-5.35007118601172	-4.11575757873149	1.61022699326716	1.81810602192682	0.236322366930555	-6.45656817719032	-7.50402636515294	-8.47255464953786	Effector recognition	RGA4 (Vitvi19g01610)
Vitvi03g01373	RPP13	-5.27827933589866	0.0426514513938209	-1.2282459564703	-0.957179426021867	0.127122224593151	-0.0473240796489562	-0.182062859410373	0.404522884962721	0.0492175731352161	Effector recognition	RPP13 (Vitvi03g01373)
Vitvi03g04047	RPP13	3.8025817992001	4.39923009126217	3.42774752375171	3.97385076607681	4.3369612676551	2.77206403774716	3.70065922123808	4.28638957641378	2.77160316127659	Effector recognition	RPP13 (Vitvi03g04047)
Vitvi03g04050	RPP13	7.8329582436346	7.98330249171179	7.624549283554	7.65934864999363	8.10921368636916	7.09579469726787	7.55315447649543	8.02734620914757	6.94150972169822	Effector recognition	RPP13 (Vitvi03g04050)
Vitvi15g01670	RPP13	-0.370543255848464	-0.257308255128464	-0.254276354747378	-0.350406789907755	-0.238204254245171	-8.03522481899155	-4.91485607144176	-5.39390234173621	-3.00648046176798	Effector recognition	RPP13 (Vitvi15g01670)
Vitvi15g01686	RPP13	1.71377438694429	1.50322627198734	4.84263896979562	2.86919413523267	1.42548617451045	4.49021903385243	2.48006030927809	1.89373214568191	4.51709283350402	Effector recognition	RPP13 (Vitvi15g01686)
Vitvi16g00787	RPP8	-12.9934200667827	-0.147291703505202	-0.0150781252907782	-0.0822921814970231	-0.0330484432986122	10.2434109184158	-0.374834298215121	-13.7586749869636	-0.0268383529595168	Effector recognition	RPP8 (Vitvi16g00787)
Vitvi09g00368	RPS5	-0.15288027249295	-0.0918663803970483	-0.156420327045639	-6.63525063503684	-0.336991746187115	-8.31008184524432	-0.315282897613439	-0.238420880881502	-1.71068369793916	Effector recognition	RPS5 (Vitvi09g00368)
Vitvi09g00419	RPS5	4.85953936980922	5.09514263541279	5.53029285270913	-0.784145552506476	-0.430376562242837	0.0291428036793852	4.60873634029855	4.60902724476113	5.1173040317341	Effector recognition	RPS5 (Vitvi09g00419)
Vitvi09g01588	RPS5	-0.129816779330606	-0.777149795814761	-1.46572336876526e-05	-0.156690833057589	-1.5481716079362	-1.86278811404812	-1.09118748241405	-0.924863413169759	-0.967485309510031	Effector recognition	RPS5 (Vitvi09g01588)
Vitvi09g02033	RPS5	3.2967824101774	3.7610561977536	3.33479946765535	3.24403068441054	3.90052190115142	3.4002404433488	3.80776273253581	3.95507916585019	3.28264564930135	Effector recognition	RPS5 (Vitvi09g02033)
Vitvi09g04351	RPS5	-1.812685069745	0.128484380283635	-0.521456900640645	-2.37978340120325	-0.665003035297616	-0.986369587351362	0.0481290786203443	0.642323732355352	-0.483565443256046	Effector recognition	RPS5 (Vitvi09g04351)
Vitvi19g01648	RPS5	-3.9200939498295	-0.333644475484258	-2.88631486296296	0.111047302794415	0.152564039681025	0.029335352281457	-7.09022175885217	-1.15876946188176	-2.69649203582551	Effector recognition	RPS5 (Vitvi19g01648)
Vitvi19g04600	RPS5	-7.27817854577792	-6.05131569665954	-0.650630787258659	0.238403755031311	0.221511514659689	0.345690591177899	-7.5841775379997	-4.02396741612896	-6.76449799368871	Effector recognition	RPS5 (Vitvi19g04600)
Vitvi19g02165	ZAR1	0.168188957239589	0.536855514017531	0.787935423889577	-0.862325525026075	-1.48615547647656	-1.20897909045268	1.93286430292245	1.5339263098047	1.70910240768418	Effector recognition	ZAR1 (Vitvi19g02165)
Vitvi19g04138	ZAR1	1.83326476201425	0.00307717276896349	-0.113527292989618	2.69692648123399	0.116982376184127	0.362301099670843	-0.0547039762584151	-2.14003766034678	0.124026678728155	Effector recognition	ZAR1 (Vitvi19g04138)
Vitvi17g01513	EDS1	2.77404158496684	0.275539787454916	-0.285394209876725	1.74429070799955	0.261094752885729	-0.457227780336091	-0.0223496045970595	-0.221733615461529	-1.83157530660306	Signaling hub	EDS1 (Vitvi17g01513)
Vitvi17g01515	EDS1	2.17228305819734	-0.02152449994987	-0.688322165016468	0.330824396369905	-0.463197446027163	-2.79783275952184	-1.04379492957396	-1.46070570893331	-3.77876936773341	Signaling hub	EDS1 (Vitvi17g01515)
Vitvi17g01520	EDS1	0.557890204503359	-0.545102651755218	-0.869682577905013	0.667319261132091	-0.10398627179013	-1.27878050544422	-3.32831479145782	-3.62600907952206	-4.64976216898265	Signaling hub	EDS1 (Vitvi17g01520)
Vitvi08g01185	DPA	-2.09771744441778	-1.69266194194328	-1.12024497545935	-0.441396235758737	0.271892897355748	0.32460675568273	-2.89858879482092	-2.16251281766812	-1.98358218035358	Signal-integration	DPA (Vitvi08g01185)
Vitvi12g01776	MAPKKK1	-5.42023259838717	-4.78894400751662	-5.95026488130739	-10.3031412522806	-8.90336221615031	-6.00888299874922	-10.3245077573632	-5.9509858969926	-10.1254196252417	Signal-integration	MAPKKK1 (Vitvi12g01776)
Vitvi07g00393	MYB12	0.290427660607766	-3.04725751030012	-1.6514692015923	1.33898458211353	-0.0359649307851639	-0.183700363175784	-5.40800457510328	-3.33128982114454	-3.47944180704671	Signal-integration	MYB12 (Vitvi07g00393)
Vitvi19g01484	NAC21/22	-1.62133432833304	2.53302080173366	0.212653727424431	0.0626317071331742	1.46993706503879	1.53491021909583	3.49290885213432	3.97084595425607	2.51712272714302	Signal-integration	NAC21/22 (Vitvi19g01484)
Vitvi01g01038	NAC29	-0.701754374967945	1.73338146755553	-1.17270350700772	2.21184895772315	2.13160813946244	1.96608858345576	3.14158057816406	2.73395157851427	2.24984644105876	Signal-integration	NAC29 (Vitvi01g01038)
Vitvi04g00179	RIPK	0.582258876005859	-0.0519954186011125	-2.49614880752427	0.376941319629812	-0.0685916098656871	-0.623217945713332	-0.202616884048519	-0.237117176707606	-0.107245481017433	Signal-integration	RIPK (Vitvi04g00179)
Vitvi02g01473	SRG1	0.093556671407096	-0.0260498134220479	-4.24818893880307	-0.129574922305964	-0.00510878422121505	-3.40940944807095	2.33356784430324	0.322625260540168	0.0475572627191343	Signal-integration	SRG1 (Vitvi02g01473)
Vitvi10g00685	SRG1	-3.96755910891717	-0.151303577156668	-1.32585666618665	1.94447420121897	0.312292508162866	-0.298794363818867	3.43144624961463	0.621822479982449	0.426536878497074	Signal-integration	SRG1 (Vitvi10g00685)
Vitvi10g00687	SRG1	0.486014739868425	0.0421684529904367	-5.74385181406072	2.50879947364243	0.0202396362759449	-1.83584767624244	0.381134806879045	0.0608220796497585	0.0244889004406512	Signal-integration	SRG1 (Vitvi10g00687)
Vitvi10g00694	SRG1	-6.64067546040755	2.75299860614776	-0.013301631822284	0.0673574189627545	0.217476705231155	5.14613195235425	0.442833333059225	4.40715170273288	7.36876599251104	Signal-integration	SRG1 (Vitvi10g00694)
Vitvi07g00523	WRKY47	-0.489740557973511	1.12689120155939	-2.07198987769428	-0.349322422434332	1.5867072689862	0.144651255452057	1.81602308542124	2.39863519099631	0.603023892634977	Signal-integration	WRKY47 (Vitvi07g00523)
Vitvi04g00760	WRKY51	0.820455723420495	0.0585948178810427	-3.27562899260403	0.00954947643723061	-0.0642303238432489	-4.19417602837606	0.00660174279015889	0.262196499147882	-0.134776862865495	Signal-integration	WRKY51 (Vitvi04g00760)
Vitvi07g01847	WRKY51	1.65975657944354	0.290003951913962	-1.0100516944504	0.130711218073784	-0.0855197841666183	-2.17968557712179	0.0571727472733173	-0.148235102520372	-0.890015905689615	Signal-integration	WRKY51 (Vitvi07g01847)
Vitvi13g00189	WRKY55	3.25644248859417	0.216875763543557	0.0909655448017984	2.21349155421053	-0.10369611581121	-0.618490807159019	-0.608753471104575	-0.464586075542975	-0.383242310782529	Signal-integration	WRKY55 (Vitvi13g00189)
Vitvi05g00637	ACD6	4.73258965708033	2.99444048641525	-0.213764054421374	-0.372360828488821	-0.328712352832188	-2.25618593711358	1.47784125311541	1.60880441545737	0.515918729226002	Defense action	ACD6 (Vitvi05g00637)
Vitvi01g04261	CSLG2	-0.339650203928914	0.745136551019724	-0.208170839282823	-0.145708460376845	0.980074478180778	0.311423968364828	1.65394909233187	2.04879928892164	0.874716158688918	Defense action	CSLG2 (Vitvi01g04261)
Vitvi02g04029	CSLG2	-1.58527427649307	0.0403204167267323	-1.97505480186106	-5.23103491005715	-3.2508661068048	-2.58133303404663	-0.105586576419778	0.457398171428836	0.158308483189026	Defense action	CSLG2 (Vitvi02g04029)
Vitvi05g00675	CSLG2	-0.219272694903187	1.56218792482339	0.78930908973821	0.474768395599836	1.60058861193767	0.787766408146793	1.63223584159706	2.00053351793927	0.93738522845446	Defense action	CSLG2 (Vitvi05g00675)
Vitvi05g00681	CSLG2	-0.415321842646416	0.174436992438404	-1.95224324350318	0.29265237209651	0.0455488686182658	-0.281027771975834	3.95001545220806	4.77273671751618	0.49585023347883	Defense action	CSLG2 (Vitvi05g00681)
Vitvi16g01127	SARD4	1.86316583748142	0.411771770116231	-1.74444712690513	-0.260416708440491	-0.238474731267906	-2.38490404093437	-0.0326250126360752	0.0181595238831098	-1.10336395035739	Defense action	SARD4 (Vitvi16g01127)
Vitvi07g02185	SRC2	-1.29796724801594	2.25179585382915	-3.43124870517982	-0.399630492146012	2.32188094934426	0.0716989244621202	0.582442278205734	2.58768628703032	0.233948339063029	Defense action	SRC2 (Vitvi07g02185)
Vitvi18g02114	SRC2	-0.122251611793633	-0.0602804018632821	-0.200903923477892	-0.139905319626796	-0.117213709351843	-4.40810421722529	-0.17689499237777	-0.418750721204663	-7.82671358103307	Defense action	SRC2 (Vitvi18g02114)
