"matrix","grouping","level","n","method","r","slope"
"raw","condition","GLOBAL",36,"spearman",0.969673472147476,56306.6198120319
"raw","condition","GLOBAL",36,"pearson",0.68392656307258,56306.6198120319
"raw","myTime","GLOBAL",36,"spearman",0.969673472147476,56306.6198120319
"raw","myTime","GLOBAL",36,"pearson",0.68392656307258,56306.6198120319
"raw","myResistance","GLOBAL",36,"spearman",0.969673472147476,56306.6198120319
"raw","myResistance","GLOBAL",36,"pearson",0.68392656307258,56306.6198120319
"log2raw","condition","GLOBAL",36,"spearman",-0.652658438167757,-0.177640298272651
"log2raw","condition","GLOBAL",36,"pearson",-0.326338929778093,-0.177640298272651
"log2raw","myTime","GLOBAL",36,"spearman",-0.652658438167757,-0.177640298272651
"log2raw","myTime","GLOBAL",36,"pearson",-0.326338929778093,-0.177640298272651
"log2raw","myResistance","GLOBAL",36,"spearman",-0.652658438167757,-0.177640298272651
"log2raw","myResistance","GLOBAL",36,"pearson",-0.326338929778093,-0.177640298272651
"sizeFactor","condition","GLOBAL",36,"spearman",-0.659265419941247,-0.180970250324328
"sizeFactor","condition","GLOBAL",36,"pearson",-0.32904430715529,-0.180970250324328
"sizeFactor","myTime","GLOBAL",36,"spearman",-0.659265419941247,-0.180970250324328
"sizeFactor","myTime","GLOBAL",36,"pearson",-0.32904430715529,-0.180970250324328
"sizeFactor","myResistance","GLOBAL",36,"spearman",-0.659265419941247,-0.180970250324328
"sizeFactor","myResistance","GLOBAL",36,"pearson",-0.32904430715529,-0.180970250324328
"rlog_blind","condition","GLOBAL",36,"spearman",-0.00413696695316863,-0.000718481200564319
"rlog_blind","condition","GLOBAL",36,"pearson",-0.00426047032650636,-0.000718481200564319
"rlog_blind","myTime","GLOBAL",36,"spearman",-0.00413696695316863,-0.000718481200564319
"rlog_blind","myTime","GLOBAL",36,"pearson",-0.00426047032650636,-0.000718481200564319
"rlog_blind","myResistance","GLOBAL",36,"spearman",-0.00413696695316863,-0.000718481200564319
"rlog_blind","myResistance","GLOBAL",36,"pearson",-0.00426047032650636,-0.000718481200564319
"rlog_design","condition","GLOBAL",36,"spearman",0.146179610093644,0.0101246776008044
"rlog_design","condition","GLOBAL",36,"pearson",0.0406687472614625,0.0101246776008044
"rlog_design","myTime","GLOBAL",36,"spearman",0.146179610093644,0.0101246776008044
"rlog_design","myTime","GLOBAL",36,"pearson",0.0406687472614625,0.0101246776008044
"rlog_design","myResistance","GLOBAL",36,"spearman",0.146179610093644,0.0101246776008044
"rlog_design","myResistance","GLOBAL",36,"pearson",0.0406687472614625,0.0101246776008044
"vst_blind","condition","GLOBAL",36,"spearman",-0.0141292832382687,0.00655777449786485
"vst_blind","condition","GLOBAL",36,"pearson",0.020632058676415,0.00655777449786485
"vst_blind","myTime","GLOBAL",36,"spearman",-0.0141292832382687,0.00655777449786485
"vst_blind","myTime","GLOBAL",36,"pearson",0.020632058676415,0.00655777449786485
"vst_blind","myResistance","GLOBAL",36,"spearman",-0.0141292832382687,0.00655777449786485
"vst_blind","myResistance","GLOBAL",36,"pearson",0.020632058676415,0.00655777449786485
"vst_design","condition","GLOBAL",36,"spearman",0.131123493962555,0.0190743534166737
"vst_design","condition","GLOBAL",36,"pearson",0.0640777202125898,0.0190743534166737
"vst_design","myTime","GLOBAL",36,"spearman",0.131123493962555,0.0190743534166737
"vst_design","myTime","GLOBAL",36,"pearson",0.0640777202125898,0.0190743534166737
"vst_design","myResistance","GLOBAL",36,"spearman",0.131123493962555,0.0190743534166737
"vst_design","myResistance","GLOBAL",36,"pearson",0.0640777202125898,0.0190743534166737
"rlog_design_noBE","condition","GLOBAL",36,"spearman",0.136513862541429,0.0084338347732851
"rlog_design_noBE","condition","GLOBAL",36,"pearson",0.0372724088552818,0.0084338347732851
"rlog_design_noBE","myTime","GLOBAL",36,"spearman",0.136513862541429,0.0084338347732851
"rlog_design_noBE","myTime","GLOBAL",36,"pearson",0.0372724088552818,0.0084338347732851
"rlog_design_noBE","myResistance","GLOBAL",36,"spearman",0.136513862541429,0.0084338347732851
"rlog_design_noBE","myResistance","GLOBAL",36,"pearson",0.0372724088552818,0.0084338347732851
"vst_design_noBE","condition","GLOBAL",36,"spearman",0.144467289297093,0.0201525579039791
"vst_design_noBE","condition","GLOBAL",36,"pearson",0.0681175789101485,0.0201525579039791
"vst_design_noBE","myTime","GLOBAL",36,"spearman",0.144467289297093,0.0201525579039791
"vst_design_noBE","myTime","GLOBAL",36,"pearson",0.0681175789101485,0.0201525579039791
"vst_design_noBE","myResistance","GLOBAL",36,"spearman",0.144467289297093,0.0201525579039791
"vst_design_noBE","myResistance","GLOBAL",36,"pearson",0.0681175789101485,0.0201525579039791
"raw_CB","condition","GLOBAL",36,"spearman",0.97326195954763,38193.3804529316
"raw_CB","condition","GLOBAL",36,"pearson",0.68760050592992,38193.3804529316
"raw_CB","myTime","GLOBAL",36,"spearman",0.97326195954763,38193.3804529316
"raw_CB","myTime","GLOBAL",36,"pearson",0.68760050592992,38193.3804529316
"raw_CB","myResistance","GLOBAL",36,"spearman",0.97326195954763,38193.3804529316
"raw_CB","myResistance","GLOBAL",36,"pearson",0.68760050592992,38193.3804529316
"raw_CB_mod","condition","GLOBAL",36,"spearman",0.971109245919164,39655.4397059602
"raw_CB_mod","condition","GLOBAL",36,"pearson",0.687806779922497,39655.4397059602
"raw_CB_mod","myTime","GLOBAL",36,"spearman",0.971109245919164,39655.4397059602
"raw_CB_mod","myTime","GLOBAL",36,"pearson",0.687806779922497,39655.4397059602
"raw_CB_mod","myResistance","GLOBAL",36,"spearman",0.971109245919164,39655.4397059602
"raw_CB_mod","myResistance","GLOBAL",36,"pearson",0.687806779922497,39655.4397059602
"log2raw_CB","condition","GLOBAL",36,"spearman",-0.671857791571426,-0.14566945344623
"log2raw_CB","condition","GLOBAL",36,"pearson",-0.361347947622892,-0.14566945344623
"log2raw_CB","myTime","GLOBAL",36,"spearman",-0.671857791571426,-0.14566945344623
"log2raw_CB","myTime","GLOBAL",36,"pearson",-0.361347947622892,-0.14566945344623
"log2raw_CB","myResistance","GLOBAL",36,"spearman",-0.671857791571426,-0.14566945344623
"log2raw_CB","myResistance","GLOBAL",36,"pearson",-0.361347947622892,-0.14566945344623
"log2raw_CB_mod","condition","GLOBAL",36,"spearman",-0.671822370039203,-0.157614049216026
"log2raw_CB_mod","condition","GLOBAL",36,"pearson",-0.353647968358126,-0.157614049216026
"log2raw_CB_mod","myTime","GLOBAL",36,"spearman",-0.671822370039203,-0.157614049216026
"log2raw_CB_mod","myTime","GLOBAL",36,"pearson",-0.353647968358126,-0.157614049216026
"log2raw_CB_mod","myResistance","GLOBAL",36,"spearman",-0.671822370039203,-0.157614049216026
"log2raw_CB_mod","myResistance","GLOBAL",36,"pearson",-0.353647968358126,-0.157614049216026
"sizeFactor_CB","condition","GLOBAL",36,"spearman",-0.681123266606936,-0.149950975519034
"sizeFactor_CB","condition","GLOBAL",36,"pearson",-0.364665061802378,-0.149950975519034
"sizeFactor_CB","myTime","GLOBAL",36,"spearman",-0.681123266606936,-0.149950975519034
"sizeFactor_CB","myTime","GLOBAL",36,"pearson",-0.364665061802378,-0.149950975519034
"sizeFactor_CB","myResistance","GLOBAL",36,"spearman",-0.681123266606936,-0.149950975519034
"sizeFactor_CB","myResistance","GLOBAL",36,"pearson",-0.364665061802378,-0.149950975519034
"sizeFactor_CB_mod","condition","GLOBAL",36,"spearman",-0.681118617753146,-0.16244816043464
"sizeFactor_CB_mod","condition","GLOBAL",36,"pearson",-0.357981427590317,-0.16244816043464
"sizeFactor_CB_mod","myTime","GLOBAL",36,"spearman",-0.681118617753146,-0.16244816043464
"sizeFactor_CB_mod","myTime","GLOBAL",36,"pearson",-0.357981427590317,-0.16244816043464
"sizeFactor_CB_mod","myResistance","GLOBAL",36,"spearman",-0.681118617753146,-0.16244816043464
"sizeFactor_CB_mod","myResistance","GLOBAL",36,"pearson",-0.357981427590317,-0.16244816043464
"rlog_blind_CB","condition","GLOBAL",36,"spearman",-0.030418865689971,-0.00132675104889746
"rlog_blind_CB","condition","GLOBAL",36,"pearson",-0.0106453043045337,-0.00132675104889746
"rlog_blind_CB","myTime","GLOBAL",36,"spearman",-0.030418865689971,-0.00132675104889746
"rlog_blind_CB","myTime","GLOBAL",36,"pearson",-0.0106453043045337,-0.00132675104889746
"rlog_blind_CB","myResistance","GLOBAL",36,"spearman",-0.030418865689971,-0.00132675104889746
"rlog_blind_CB","myResistance","GLOBAL",36,"pearson",-0.0106453043045337,-0.00132675104889746
"rlog_blind_CB_mod","condition","GLOBAL",36,"spearman",-0.0367836777576902,-0.00225664283509291
"rlog_blind_CB_mod","condition","GLOBAL",36,"pearson",-0.0161726191810272,-0.00225664283509291
"rlog_blind_CB_mod","myTime","GLOBAL",36,"spearman",-0.0367836777576902,-0.00225664283509291
"rlog_blind_CB_mod","myTime","GLOBAL",36,"pearson",-0.0161726191810272,-0.00225664283509291
"rlog_blind_CB_mod","myResistance","GLOBAL",36,"spearman",-0.0367836777576902,-0.00225664283509291
"rlog_blind_CB_mod","myResistance","GLOBAL",36,"pearson",-0.0161726191810272,-0.00225664283509291
"rlog_design_CB","condition","GLOBAL",36,"spearman",0.126075929707405,0.00663479620485919
"rlog_design_CB","condition","GLOBAL",36,"pearson",0.0363685977925182,0.00663479620485919
"rlog_design_CB","myTime","GLOBAL",36,"spearman",0.126075929707405,0.00663479620485919
"rlog_design_CB","myTime","GLOBAL",36,"pearson",0.0363685977925182,0.00663479620485919
"rlog_design_CB","myResistance","GLOBAL",36,"spearman",0.126075929707405,0.00663479620485919
"rlog_design_CB","myResistance","GLOBAL",36,"pearson",0.0363685977925182,0.00663479620485919
"rlog_design_CB_mod","condition","GLOBAL",36,"spearman",0.120089519457613,0.0062965703646819
"rlog_design_CB_mod","condition","GLOBAL",36,"pearson",0.031495378598327,0.0062965703646819
"rlog_design_CB_mod","myTime","GLOBAL",36,"spearman",0.120089519457613,0.0062965703646819
"rlog_design_CB_mod","myTime","GLOBAL",36,"pearson",0.031495378598327,0.0062965703646819
"rlog_design_CB_mod","myResistance","GLOBAL",36,"spearman",0.120089519457613,0.0062965703646819
"rlog_design_CB_mod","myResistance","GLOBAL",36,"pearson",0.031495378598327,0.0062965703646819
"vst_blind_CB","condition","GLOBAL",36,"spearman",-0.0605298664749059,0.00247900385964126
"vst_blind_CB","condition","GLOBAL",36,"pearson",0.0107442991109494,0.00247900385964126
"vst_blind_CB","myTime","GLOBAL",36,"spearman",-0.0605298664749059,0.00247900385964126
"vst_blind_CB","myTime","GLOBAL",36,"pearson",0.0107442991109494,0.00247900385964126
"vst_blind_CB","myResistance","GLOBAL",36,"spearman",-0.0605298664749059,0.00247900385964126
"vst_blind_CB","myResistance","GLOBAL",36,"pearson",0.0107442991109494,0.00247900385964126
"vst_blind_CB_mod","condition","GLOBAL",36,"spearman",-0.0648000421647019,0.00154784304256334
"vst_blind_CB_mod","condition","GLOBAL",36,"pearson",0.00620007787647768,0.00154784304256334
"vst_blind_CB_mod","myTime","GLOBAL",36,"spearman",-0.0648000421647019,0.00154784304256334
"vst_blind_CB_mod","myTime","GLOBAL",36,"pearson",0.00620007787647768,0.00154784304256334
"vst_blind_CB_mod","myResistance","GLOBAL",36,"spearman",-0.0648000421647019,0.00154784304256334
"vst_blind_CB_mod","myResistance","GLOBAL",36,"pearson",0.00620007787647768,0.00154784304256334
"vst_design_CB","condition","GLOBAL",36,"spearman",0.0918720765146665,0.0122036162544416
"vst_design_CB","condition","GLOBAL",36,"pearson",0.0565729812866129,0.0122036162544416
"vst_design_CB","myTime","GLOBAL",36,"spearman",0.0918720765146665,0.0122036162544416
"vst_design_CB","myTime","GLOBAL",36,"pearson",0.0565729812866129,0.0122036162544416
"vst_design_CB","myResistance","GLOBAL",36,"spearman",0.0918720765146665,0.0122036162544416
"vst_design_CB","myResistance","GLOBAL",36,"pearson",0.0565729812866129,0.0122036162544416
"vst_design_CB_mod","condition","GLOBAL",36,"spearman",0.0863102317676467,0.0119895186030239
"vst_design_CB_mod","condition","GLOBAL",36,"pearson",0.0515769496396224,0.0119895186030239
"vst_design_CB_mod","myTime","GLOBAL",36,"spearman",0.0863102317676467,0.0119895186030239
"vst_design_CB_mod","myTime","GLOBAL",36,"pearson",0.0515769496396224,0.0119895186030239
"vst_design_CB_mod","myResistance","GLOBAL",36,"spearman",0.0863102317676467,0.0119895186030239
"vst_design_CB_mod","myResistance","GLOBAL",36,"pearson",0.0515769496396224,0.0119895186030239
"rlog_design_noBE_CB","condition","GLOBAL",36,"spearman",0.116067335954257,0.00545939249220484
"rlog_design_noBE_CB","condition","GLOBAL",36,"pearson",0.0328927545395014,0.00545939249220484
"rlog_design_noBE_CB","myTime","GLOBAL",36,"spearman",0.116067335954257,0.00545939249220484
"rlog_design_noBE_CB","myTime","GLOBAL",36,"pearson",0.0328927545395014,0.00545939249220484
"rlog_design_noBE_CB","myResistance","GLOBAL",36,"spearman",0.116067335954257,0.00545939249220484
"rlog_design_noBE_CB","myResistance","GLOBAL",36,"pearson",0.0328927545395014,0.00545939249220484
"rlog_design_noBE_CB_mod","condition","GLOBAL",36,"spearman",0.109960848848727,0.0050857976131888
"rlog_design_noBE_CB_mod","condition","GLOBAL",36,"pearson",0.0279090761679077,0.0050857976131888
"rlog_design_noBE_CB_mod","myTime","GLOBAL",36,"spearman",0.109960848848727,0.0050857976131888
"rlog_design_noBE_CB_mod","myTime","GLOBAL",36,"pearson",0.0279090761679077,0.0050857976131888
"rlog_design_noBE_CB_mod","myResistance","GLOBAL",36,"spearman",0.109960848848727,0.0050857976131888
"rlog_design_noBE_CB_mod","myResistance","GLOBAL",36,"pearson",0.0279090761679077,0.0050857976131888
"vst_design_noBE_CB","condition","GLOBAL",36,"spearman",0.10609685991457,0.0130361525405854
"vst_design_noBE_CB","condition","GLOBAL",36,"pearson",0.0608146603291196,0.0130361525405854
"vst_design_noBE_CB","myTime","GLOBAL",36,"spearman",0.10609685991457,0.0130361525405854
"vst_design_noBE_CB","myTime","GLOBAL",36,"pearson",0.0608146603291196,0.0130361525405854
"vst_design_noBE_CB","myResistance","GLOBAL",36,"spearman",0.10609685991457,0.0130361525405854
"vst_design_noBE_CB","myResistance","GLOBAL",36,"pearson",0.0608146603291196,0.0130361525405854
"vst_design_noBE_CB_mod","condition","GLOBAL",36,"spearman",0.100412189283218,0.0128829285790059
"vst_design_noBE_CB_mod","condition","GLOBAL",36,"pearson",0.0557921928272026,0.0128829285790059
"vst_design_noBE_CB_mod","myTime","GLOBAL",36,"spearman",0.100412189283218,0.0128829285790059
"vst_design_noBE_CB_mod","myTime","GLOBAL",36,"pearson",0.0557921928272026,0.0128829285790059
"vst_design_noBE_CB_mod","myResistance","GLOBAL",36,"spearman",0.100412189283218,0.0128829285790059
"vst_design_noBE_CB_mod","myResistance","GLOBAL",36,"pearson",0.0557921928272026,0.0128829285790059
"combatSeq_raw","condition","GLOBAL",36,"spearman",0.961270142986395,49568.7081488823
"combatSeq_raw","condition","GLOBAL",36,"pearson",0.63673359502422,49568.7081488823
"combatSeq_raw","myTime","GLOBAL",36,"spearman",0.961270142986395,49568.7081488823
"combatSeq_raw","myTime","GLOBAL",36,"pearson",0.63673359502422,49568.7081488823
"combatSeq_raw","myResistance","GLOBAL",36,"spearman",0.961270142986395,49568.7081488823
"combatSeq_raw","myResistance","GLOBAL",36,"pearson",0.63673359502422,49568.7081488823
"combatSeq_log2","condition","GLOBAL",36,"spearman",-0.70250491414387,-0.225220472028827
"combatSeq_log2","condition","GLOBAL",36,"pearson",-0.41018107205006,-0.225220472028827
"combatSeq_log2","myTime","GLOBAL",36,"spearman",-0.70250491414387,-0.225220472028827
"combatSeq_log2","myTime","GLOBAL",36,"pearson",-0.41018107205006,-0.225220472028827
"combatSeq_log2","myResistance","GLOBAL",36,"spearman",-0.70250491414387,-0.225220472028827
"combatSeq_log2","myResistance","GLOBAL",36,"pearson",-0.41018107205006,-0.225220472028827
