"method","combat","module","n_genes","pve_pc1"
"hub_anchored","unprotected","Vitvi00g04005",34,0.886452178227483
"hub_anchored","unprotected","Vitvi00g04006",73,0.785969001487699
"hub_anchored","unprotected","Vitvi00g04313",21,0.780706591854794
"hub_anchored","unprotected","Vitvi00g04500",35,0.89302859935118
"hub_anchored","unprotected","Vitvi00g04634",40,0.884164258956494
"hub_anchored","unprotected","Vitvi00g04728",38,0.881948995183701
"hub_anchored","unprotected","Vitvi01g00463",84,0.810306012751768
"hub_anchored","unprotected","Vitvi01g00508",555,0.821879690650328
"hub_anchored","unprotected","Vitvi01g00612",57,0.82157894476217
"hub_anchored","unprotected","Vitvi01g00656",1546,0.850439875498794
"hub_anchored","unprotected","Vitvi01g01038",281,0.828939408788402
"hub_anchored","unprotected","Vitvi01g01701",45,0.841767516998204
"hub_anchored","unprotected","Vitvi01g01751",136,0.877100014162844
"hub_anchored","unprotected","Vitvi01g02242",106,0.882169790076866
"hub_anchored","unprotected","Vitvi01g04056",102,0.803902733086451
"hub_anchored","unprotected","Vitvi01g04115",81,0.786703017645057
"hub_anchored","unprotected","Vitvi01g04132",19,0.843102543255473
"hub_anchored","unprotected","Vitvi02g00032",1260,0.862163580279546
"hub_anchored","unprotected","Vitvi02g00086",76,0.807081856769449
"hub_anchored","unprotected","Vitvi02g00429",530,0.829969073295502
"hub_anchored","unprotected","Vitvi02g00446",472,0.808894761456173
"hub_anchored","unprotected","Vitvi02g01355",435,0.88762110679245
"hub_anchored","unprotected","Vitvi02g01360",12,0.855901102348463
"hub_anchored","unprotected","Vitvi02g04106",555,0.814572757441453
"hub_anchored","unprotected","Vitvi02g04134",126,0.88327895644393
"hub_anchored","unprotected","Vitvi02g04135",131,0.883512012794363
"hub_anchored","unprotected","Vitvi03g00318",4,0.915292137719807
"hub_anchored","unprotected","Vitvi03g00692",503,0.855201691905734
"hub_anchored","unprotected","Vitvi03g01258",46,0.809576617278674
"hub_anchored","unprotected","Vitvi03g01809",92,0.857427844203957
"hub_anchored","unprotected","Vitvi03g04266",65,0.823420519213893
"hub_anchored","unprotected","Vitvi03g04466",26,0.821250950325108
"hub_anchored","unprotected","Vitvi04g00017",48,0.796071255398743
"hub_anchored","unprotected","Vitvi04g01325",46,0.867738036277337
"hub_anchored","unprotected","Vitvi04g01375",37,0.880682615494668
"hub_anchored","unprotected","Vitvi04g01550",895,0.804380010017938
"hub_anchored","unprotected","Vitvi04g01887",356,0.81738519532008
"hub_anchored","unprotected","Vitvi04g02114",22,0.789759960795087
"hub_anchored","unprotected","Vitvi04g04010",60,0.83466755205545
"hub_anchored","unprotected","Vitvi04g04011",68,0.82453765169709
"hub_anchored","unprotected","Vitvi04g04029",18,0.834506492551492
"hub_anchored","unprotected","Vitvi05g00108",431,0.827437914123431
"hub_anchored","unprotected","Vitvi05g00675",184,0.81206030276754
"hub_anchored","unprotected","Vitvi05g00726",56,0.837155776453388
"hub_anchored","unprotected","Vitvi05g01579",76,0.817576492831621
"hub_anchored","unprotected","Vitvi05g01674",113,0.763128338109275
"hub_anchored","unprotected","Vitvi05g02234",86,0.894077183446644
"hub_anchored","unprotected","Vitvi05g04062",52,0.869430317078688
"hub_anchored","unprotected","Vitvi05g04232",34,0.795591779338758
"hub_anchored","unprotected","Vitvi05g04487",62,0.914855064197925
"hub_anchored","unprotected","Vitvi05g04494",95,0.897557192981611
"hub_anchored","unprotected","Vitvi06g01410",74,0.83350934284293
"hub_anchored","unprotected","Vitvi06g01618",102,0.844100298500918
"hub_anchored","unprotected","Vitvi06g04121",69,0.843917959181797
"hub_anchored","unprotected","Vitvi07g00283",31,0.794810542165279
"hub_anchored","unprotected","Vitvi07g00523",745,0.815895017915622
"hub_anchored","unprotected","Vitvi07g00890",108,0.888980023039057
"hub_anchored","unprotected","Vitvi07g01267",775,0.881459818676658
"hub_anchored","unprotected","Vitvi07g01315",92,0.829462458262241
"hub_anchored","unprotected","Vitvi07g01342",439,0.886055140713156
"hub_anchored","unprotected","Vitvi07g01407",51,0.804750747709028
"hub_anchored","unprotected","Vitvi07g01719",26,0.815224661428778
"hub_anchored","unprotected","Vitvi07g01829",683,0.811438893697924
"hub_anchored","unprotected","Vitvi07g02323",129,0.867503729584431
"hub_anchored","unprotected","Vitvi07g03086",80,0.87632178212309
"hub_anchored","unprotected","Vitvi08g00795",42,0.874361651138872
"hub_anchored","unprotected","Vitvi08g00957",15,0.78661171314294
"hub_anchored","unprotected","Vitvi08g01235",110,0.881582611975913
"hub_anchored","unprotected","Vitvi08g01333",57,0.795152286237877
"hub_anchored","unprotected","Vitvi08g01617",32,0.801863853114716
"hub_anchored","unprotected","Vitvi08g01846",9,0.831727384308752
"hub_anchored","unprotected","Vitvi08g01897",44,0.828894624167077
"hub_anchored","unprotected","Vitvi08g02218",82,0.807681307411093
"hub_anchored","unprotected","Vitvi08g02288",53,0.861458360638932
"hub_anchored","unprotected","Vitvi09g00419",102,0.846190763381869
"hub_anchored","unprotected","Vitvi09g00867",74,0.821395757682004
"hub_anchored","unprotected","Vitvi09g01646",9,0.863854020442305
"hub_anchored","unprotected","Vitvi09g01698",26,0.897019336697841
"hub_anchored","unprotected","Vitvi09g04280",56,0.878213611498439
"hub_anchored","unprotected","Vitvi10g00562",1459,0.860373363675545
"hub_anchored","unprotected","Vitvi10g00984",68,0.833769287495657
"hub_anchored","unprotected","Vitvi10g01812",433,0.862216724222169
"hub_anchored","unprotected","Vitvi10g04044",65,0.859800455346032
"hub_anchored","unprotected","Vitvi10g04085",30,0.819589635562769
"hub_anchored","unprotected","Vitvi10g04276",933,0.883658034622229
"hub_anchored","unprotected","Vitvi10g04282",32,0.850985890108026
"hub_anchored","unprotected","Vitvi10g04464",43,0.880814789042966
"hub_anchored","unprotected","Vitvi10g04504",97,0.804781702187456
"hub_anchored","unprotected","Vitvi11g00075",301,0.841300953971887
"hub_anchored","unprotected","Vitvi11g00217",118,0.809181680973092
"hub_anchored","unprotected","Vitvi11g00285",197,0.862608501794628
"hub_anchored","unprotected","Vitvi11g00286",215,0.758674442446409
"hub_anchored","unprotected","Vitvi11g01637",37,0.802275539511772
"hub_anchored","unprotected","Vitvi12g00368",52,0.824789003305209
"hub_anchored","unprotected","Vitvi12g01776",113,0.887484634677117
"hub_anchored","unprotected","Vitvi12g01881",151,0.808896660765569
"hub_anchored","unprotected","Vitvi12g01882",55,0.83864557278342
"hub_anchored","unprotected","Vitvi12g01921",64,0.86826559284669
"hub_anchored","unprotected","Vitvi12g02011",59,0.887731265446636
"hub_anchored","unprotected","Vitvi12g02633",83,0.866715292128737
"hub_anchored","unprotected","Vitvi12g04108",101,0.808509957675673
"hub_anchored","unprotected","Vitvi12g04404",102,0.848235735994438
"hub_anchored","unprotected","Vitvi12g04463",69,0.88094281645848
"hub_anchored","unprotected","Vitvi12g04498",61,0.886427023295737
"hub_anchored","unprotected","Vitvi12g04515",33,0.906188695680487
"hub_anchored","unprotected","Vitvi12g04518",19,0.800912515234696
"hub_anchored","unprotected","Vitvi12g04543",51,0.797525952386936
"hub_anchored","unprotected","Vitvi12g04545",55,0.854864392217534
"hub_anchored","unprotected","Vitvi12g04595",37,0.871068551630387
"hub_anchored","unprotected","Vitvi12g04598",82,0.873730611193163
"hub_anchored","unprotected","Vitvi12g04607",92,0.847832119740583
"hub_anchored","unprotected","Vitvi12g04630",132,0.880462412429181
"hub_anchored","unprotected","Vitvi13g00004",504,0.890268596119005
"hub_anchored","unprotected","Vitvi13g00551",90,0.829836522590053
"hub_anchored","unprotected","Vitvi13g01098",485,0.816919243837413
"hub_anchored","unprotected","Vitvi13g01468",104,0.825355871400856
"hub_anchored","unprotected","Vitvi13g01608",30,0.822590189110739
"hub_anchored","unprotected","Vitvi13g01616",50,0.818548079355451
"hub_anchored","unprotected","Vitvi13g01638",64,0.853553660328587
"hub_anchored","unprotected","Vitvi13g01984",56,0.880776922425922
"hub_anchored","unprotected","Vitvi13g04528",117,0.810423497692568
"hub_anchored","unprotected","Vitvi13g04529",118,0.817374951229665
"hub_anchored","unprotected","Vitvi13g04677",56,0.848389224050141
"hub_anchored","unprotected","Vitvi13g04698",70,0.816753009812471
"hub_anchored","unprotected","Vitvi13g04706",92,0.825780728216975
"hub_anchored","unprotected","Vitvi14g00438",239,0.844279620086816
"hub_anchored","unprotected","Vitvi14g01926",6,0.864398681957847
"hub_anchored","unprotected","Vitvi14g04416",31,0.896995393861145
"hub_anchored","unprotected","Vitvi15g01247",87,0.861117089487934
"hub_anchored","unprotected","Vitvi16g00901",4,0.92332764831006
"hub_anchored","unprotected","Vitvi16g04295",516,0.883144127097254
"hub_anchored","unprotected","Vitvi16g04448",29,0.835439997267975
"hub_anchored","unprotected","Vitvi17g00339",7,0.829586354885275
"hub_anchored","unprotected","Vitvi17g00461",47,0.873467122021352
"hub_anchored","unprotected","Vitvi17g00704",626,0.861270633884221
"hub_anchored","unprotected","Vitvi17g00936",758,0.811751205168395
"hub_anchored","unprotected","Vitvi17g01373",99,0.816748996116522
"hub_anchored","unprotected","Vitvi18g00174",73,0.838981998451629
"hub_anchored","unprotected","Vitvi18g00191",42,0.899037826342347
"hub_anchored","unprotected","Vitvi18g00462",70,0.812823774575322
"hub_anchored","unprotected","Vitvi18g00473",84,0.832630019379606
"hub_anchored","unprotected","Vitvi18g02222",49,0.880289617038367
"hub_anchored","unprotected","Vitvi18g02825",10,0.870685165597343
"hub_anchored","unprotected","Vitvi18g02837",536,0.831557228276269
"hub_anchored","unprotected","Vitvi18g04551",82,0.894102852576214
"hub_anchored","unprotected","Vitvi18g04640",114,0.895528553089497
"hub_anchored","unprotected","Vitvi19g00270",793,0.817250683339917
"hub_anchored","unprotected","Vitvi19g00476",70,0.82343824637187
"hub_anchored","unprotected","Vitvi19g00709",67,0.853537440303784
"hub_anchored","unprotected","Vitvi19g01484",550,0.81964743857399
"hub_anchored","unprotected","Vitvi19g01610",100,0.813723147065298
"hub_anchored","unprotected","Vitvi19g01612",89,0.829453545766188
"hub_anchored","unprotected","Vitvi19g01720",103,0.816663385969682
"hub_anchored","unprotected","Vitvi19g01790",73,0.790767716427052
"hub_anchored","unprotected","Vitvi19g04572",92,0.821828070837794
"hub_anchored","protected","Vitvi00g04005",31,0.871572108058254
"hub_anchored","protected","Vitvi00g04500",31,0.896426017422653
"hub_anchored","protected","Vitvi00g04634",37,0.880542292244564
"hub_anchored","protected","Vitvi00g04728",36,0.88499049596468
"hub_anchored","protected","Vitvi01g00463",80,0.793608461376441
"hub_anchored","protected","Vitvi01g00508",453,0.815867568306073
"hub_anchored","protected","Vitvi01g00612",120,0.836391437076771
"hub_anchored","protected","Vitvi01g00656",1346,0.842711456316103
"hub_anchored","protected","Vitvi01g01038",215,0.820995530391125
"hub_anchored","protected","Vitvi01g01701",53,0.818096765320546
"hub_anchored","protected","Vitvi01g04056",162,0.8062656538597
"hub_anchored","protected","Vitvi01g04115",73,0.78890291105194
"hub_anchored","protected","Vitvi01g04132",17,0.802901967854666
"hub_anchored","protected","Vitvi02g00032",1042,0.859567314381196
"hub_anchored","protected","Vitvi02g00056",52,0.762175771923099
"hub_anchored","protected","Vitvi02g00086",83,0.791978530446428
"hub_anchored","protected","Vitvi02g00429",469,0.825208232153278
"hub_anchored","protected","Vitvi02g00446",366,0.802089946179712
"hub_anchored","protected","Vitvi02g01355",308,0.872581027984714
"hub_anchored","protected","Vitvi02g01360",20,0.845820285223378
"hub_anchored","protected","Vitvi02g04106",424,0.808538799142625
"hub_anchored","protected","Vitvi03g00318",3,0.9395118117684
"hub_anchored","protected","Vitvi03g00692",402,0.846355284733959
"hub_anchored","protected","Vitvi03g00752",66,0.824096956573845
"hub_anchored","protected","Vitvi03g01258",43,0.816061165180875
"hub_anchored","protected","Vitvi03g01809",88,0.85565130614887
"hub_anchored","protected","Vitvi03g04266",72,0.825004015928767
"hub_anchored","protected","Vitvi03g04466",25,0.807733231457203
"hub_anchored","protected","Vitvi04g00017",74,0.792542371682367
"hub_anchored","protected","Vitvi04g01254",30,0.871520649189784
"hub_anchored","protected","Vitvi04g01325",44,0.872004241956536
"hub_anchored","protected","Vitvi04g01375",41,0.867100387000136
"hub_anchored","protected","Vitvi04g01550",799,0.799315604147013
"hub_anchored","protected","Vitvi04g01555",59,0.866735319320236
"hub_anchored","protected","Vitvi04g01887",309,0.814744000044933
"hub_anchored","protected","Vitvi04g02114",25,0.78042250231132
"hub_anchored","protected","Vitvi04g04009",87,0.864318411157365
"hub_anchored","protected","Vitvi04g04010",52,0.8322407991245
"hub_anchored","protected","Vitvi04g04011",60,0.820843220062645
"hub_anchored","protected","Vitvi04g04029",15,0.832406516336048
"hub_anchored","protected","Vitvi05g00028",187,0.78593982484253
"hub_anchored","protected","Vitvi05g00108",353,0.81527753775895
"hub_anchored","protected","Vitvi05g00145",62,0.800037956203887
"hub_anchored","protected","Vitvi05g00726",51,0.850037377261376
"hub_anchored","protected","Vitvi05g01400",57,0.821691067654124
"hub_anchored","protected","Vitvi05g01579",72,0.808431949893702
"hub_anchored","protected","Vitvi05g01674",104,0.771596356166498
"hub_anchored","protected","Vitvi05g04232",34,0.792973046217436
"hub_anchored","protected","Vitvi06g01410",97,0.830175016624065
"hub_anchored","protected","Vitvi06g01618",104,0.850134745792057
"hub_anchored","protected","Vitvi06g04121",71,0.828718888787912
"hub_anchored","protected","Vitvi07g00283",34,0.79632711286041
"hub_anchored","protected","Vitvi07g00523",584,0.810647298322392
"hub_anchored","protected","Vitvi07g01267",686,0.87638543042593
"hub_anchored","protected","Vitvi07g01315",91,0.823090325165622
"hub_anchored","protected","Vitvi07g01342",315,0.878736137556956
"hub_anchored","protected","Vitvi07g01407",54,0.81953804391583
"hub_anchored","protected","Vitvi07g01718",56,0.840076617314023
"hub_anchored","protected","Vitvi07g01719",39,0.817936669020143
"hub_anchored","protected","Vitvi07g02832",142,0.751312979415615
"hub_anchored","protected","Vitvi07g03086",100,0.877569036061356
"hub_anchored","protected","Vitvi08g00957",23,0.780742533305582
"hub_anchored","protected","Vitvi08g01333",51,0.799679897578417
"hub_anchored","protected","Vitvi08g01617",36,0.80729595468102
"hub_anchored","protected","Vitvi08g01846",16,0.800902349469221
"hub_anchored","protected","Vitvi08g01897",33,0.820539106738404
"hub_anchored","protected","Vitvi08g02218",79,0.807255500280023
"hub_anchored","protected","Vitvi08g02288",60,0.861787708303923
"hub_anchored","protected","Vitvi09g00419",98,0.845907397855004
"hub_anchored","protected","Vitvi09g00867",74,0.819843161988209
"hub_anchored","protected","Vitvi09g01646",8,0.861938629365698
"hub_anchored","protected","Vitvi09g01698",24,0.920190539763937
"hub_anchored","protected","Vitvi09g04280",53,0.86700608773225
"hub_anchored","protected","Vitvi09g04564",89,0.883614340846364
"hub_anchored","protected","Vitvi10g00984",80,0.821991066489488
"hub_anchored","protected","Vitvi10g01812",309,0.850018137225679
"hub_anchored","protected","Vitvi10g04044",77,0.863340673540425
"hub_anchored","protected","Vitvi10g04085",37,0.820505971137911
"hub_anchored","protected","Vitvi10g04282",41,0.842897436587903
"hub_anchored","protected","Vitvi10g04504",102,0.804445615854706
"hub_anchored","protected","Vitvi11g00075",221,0.831996763781779
"hub_anchored","protected","Vitvi11g00217",128,0.804503091019308
"hub_anchored","protected","Vitvi11g00285",253,0.848951188325446
"hub_anchored","protected","Vitvi11g00286",189,0.756654406409019
"hub_anchored","protected","Vitvi11g01637",29,0.807593595861206
"hub_anchored","protected","Vitvi12g00368",60,0.829622084336285
"hub_anchored","protected","Vitvi12g01881",126,0.796655008982728
"hub_anchored","protected","Vitvi12g01882",47,0.860808643976203
"hub_anchored","protected","Vitvi12g01921",53,0.876829312379499
"hub_anchored","protected","Vitvi12g02011",45,0.891127511907244
"hub_anchored","protected","Vitvi12g04108",96,0.800785757013982
"hub_anchored","protected","Vitvi12g04404",96,0.847485839249186
"hub_anchored","protected","Vitvi12g04463",63,0.876699355215912
"hub_anchored","protected","Vitvi12g04498",55,0.882006846018868
"hub_anchored","protected","Vitvi12g04515",31,0.901960437030469
"hub_anchored","protected","Vitvi12g04543",67,0.826864275706486
"hub_anchored","protected","Vitvi12g04545",53,0.843186414138491
"hub_anchored","protected","Vitvi12g04595",31,0.859916979054515
"hub_anchored","protected","Vitvi12g04598",79,0.86942186258989
"hub_anchored","protected","Vitvi12g04607",85,0.850821360482977
"hub_anchored","protected","Vitvi13g00551",84,0.844208349058703
"hub_anchored","protected","Vitvi13g01098",433,0.80843930291562
"hub_anchored","protected","Vitvi13g01468",113,0.820452233169132
"hub_anchored","protected","Vitvi13g01608",30,0.812187322438524
"hub_anchored","protected","Vitvi13g01616",50,0.840658849038427
"hub_anchored","protected","Vitvi13g01638",60,0.860775395949646
"hub_anchored","protected","Vitvi13g01984",52,0.880441859316585
"hub_anchored","protected","Vitvi13g02083",91,0.861540448689458
"hub_anchored","protected","Vitvi13g02285",68,0.831930289568755
"hub_anchored","protected","Vitvi13g04289",100,0.855739600110261
"hub_anchored","protected","Vitvi13g04528",128,0.805966749505172
"hub_anchored","protected","Vitvi13g04529",117,0.81744283532726
"hub_anchored","protected","Vitvi13g04540",58,0.818172045098747
"hub_anchored","protected","Vitvi13g04677",46,0.846229316293633
"hub_anchored","protected","Vitvi13g04698",69,0.801342950015922
"hub_anchored","protected","Vitvi13g04706",86,0.823508663274084
"hub_anchored","protected","Vitvi14g00679",683,0.837454165822205
"hub_anchored","protected","Vitvi14g01926",6,0.864298983733928
"hub_anchored","protected","Vitvi14g02663",74,0.872495350914919
"hub_anchored","protected","Vitvi14g04416",30,0.894492180562666
"hub_anchored","protected","Vitvi16g00160",36,0.828152002820563
"hub_anchored","protected","Vitvi16g00901",6,0.910985922292589
"hub_anchored","protected","Vitvi16g04295",535,0.873133332231239
"hub_anchored","protected","Vitvi16g04388",103,0.841238142648694
"hub_anchored","protected","Vitvi16g04448",27,0.834624406438482
"hub_anchored","protected","Vitvi17g00339",9,0.817093444285129
"hub_anchored","protected","Vitvi17g00461",44,0.871211963773306
"hub_anchored","protected","Vitvi17g00704",453,0.842896474371449
"hub_anchored","protected","Vitvi17g00936",652,0.806940386299837
"hub_anchored","protected","Vitvi17g01373",88,0.811284900154198
"hub_anchored","protected","Vitvi17g04171",110,0.82943238330938
"hub_anchored","protected","Vitvi18g00174",81,0.845273896511908
"hub_anchored","protected","Vitvi18g00191",41,0.894082404409418
"hub_anchored","protected","Vitvi18g00462",70,0.813960329910884
"hub_anchored","protected","Vitvi18g00473",127,0.84789259316909
"hub_anchored","protected","Vitvi18g02825",11,0.867327435567159
"hub_anchored","protected","Vitvi19g00270",670,0.811699250562632
"hub_anchored","protected","Vitvi19g00476",65,0.838099486574862
"hub_anchored","protected","Vitvi19g00709",68,0.837143059503283
"hub_anchored","protected","Vitvi19g01484",505,0.804716986524385
"hub_anchored","protected","Vitvi19g01610",103,0.799652916506652
"hub_anchored","protected","Vitvi19g01612",72,0.848824336255803
"hub_anchored","protected","Vitvi19g01720",98,0.809473259225793
"hub_anchored","protected","Vitvi19g01790",78,0.789891762544989
"hub_anchored","protected","Vitvi19g04259",123,0.860517476486596
"hub_anchored","protected","Vitvi19g04530",90,0.828015736733366
"hub_anchored","protected","Vitvi19g04572",90,0.809828544141416
"WGCNA_power8","unprotected","salmon",387,0.575353807665884
"WGCNA_power8","unprotected","brown",1288,0.4453964742414
"WGCNA_power8","unprotected","magenta",496,0.686551653119672
"WGCNA_power8","unprotected","turquoise",6249,0.699450836689682
"WGCNA_power8","unprotected","greenyellow",407,0.492983122948747
"WGCNA_power8","unprotected","royalblue",264,0.563547510940393
"WGCNA_power8","unprotected","tan",404,0.648868040804336
"WGCNA_power8","unprotected","black",768,0.623047329533725
"WGCNA_power8","unprotected","red",807,0.574069614948422
"WGCNA_power8","unprotected","floralwhite",77,0.443194378240685
"WGCNA_power8","unprotected","blue",4275,0.587771615903749
"WGCNA_power8","unprotected","yellow",1105,0.567826121508827
"WGCNA_power8","unprotected","pink",701,0.646591314912894
"WGCNA_power8","unprotected","skyblue3",109,0.494913887578469
"WGCNA_power8","unprotected","steelblue",147,0.461668748663072
"WGCNA_power8","unprotected","green",854,0.680544417778988
"WGCNA_power8","unprotected","yellowgreen",121,0.441743175371422
"WGCNA_power8","unprotected","darkorange",191,0.750130093563291
"WGCNA_power8","unprotected","darkgrey",203,0.719579996417821
"WGCNA_power8","unprotected","lightcyan",300,0.435742529194529
"WGCNA_power8","unprotected","grey60",272,0.810809136069561
"WGCNA_power8","unprotected","skyblue",176,0.585314177921529
"WGCNA_power8","unprotected","paleturquoise",139,0.68813649276162
"WGCNA_power8","unprotected","mediumpurple3",103,0.611953302334914
"WGCNA_power8","unprotected","darkgreen",224,0.428332364211986
"WGCNA_power8","unprotected","purple",474,0.714532885141088
"WGCNA_power8","unprotected","cyan",379,0.492279575398797
"WGCNA_power8","unprotected","darkmagenta",132,0.503374834046016
"WGCNA_power8","unprotected","white",190,0.739176380606128
"WGCNA_power8","unprotected","thistle2",67,0.612823325558857
"WGCNA_power8","unprotected","sienna3",127,0.528618173339736
"WGCNA_power8","unprotected","lightyellow",267,0.462280128489337
"WGCNA_power8","unprotected","maroon",51,0.595138270991381
"WGCNA_power8","unprotected","midnightblue",343,0.644843260171
"WGCNA_power8","unprotected","navajowhite2",54,0.469876398524324
"WGCNA_power8","unprotected","saddlebrown",165,0.540747719733157
"WGCNA_power8","unprotected","lightgreen",270,0.76161090086658
"WGCNA_power8","unprotected","lightcyan1",97,0.479775080191119
"WGCNA_power8","unprotected","thistle1",65,0.599013825461812
"WGCNA_power8","unprotected","bisque4",73,0.617702295879546
"WGCNA_power8","unprotected","honeydew1",44,0.882952119287504
"WGCNA_power8","unprotected","orange",201,0.704657979508185
"WGCNA_power8","unprotected","brown4",75,0.516983819388212
"WGCNA_power8","unprotected","lightpink4",45,0.498686713460799
"WGCNA_power8","unprotected","plum1",109,0.523525469004058
"WGCNA_power8","unprotected","darkred",246,0.601332150345995
"WGCNA_power8","unprotected","ivory",78,0.662539857307901
"WGCNA_power8","unprotected","darkslateblue",70,0.562852689380484
"WGCNA_power8","unprotected","violet",133,0.658084563250638
"WGCNA_power8","unprotected","salmon4",63,0.596228382082968
"WGCNA_power8","unprotected","plum2",68,0.605163931979475
"WGCNA_power8","unprotected","darkturquoise",207,0.670236592318202
"WGCNA_power8","unprotected","lightsteelblue1",98,0.593971717172877
"WGCNA_power8","unprotected","orangered4",105,0.84836757315581
"WGCNA_power8","unprotected","palevioletred3",56,0.514215726234356
"WGCNA_power8","unprotected","darkolivegreen",133,0.471594088489411
"WGCNA_power8","unprotected","coral1",38,0.614857928442638
"WGCNA_power8","unprotected","darkseagreen4",41,0.586576361784103
"WGCNA_power8","unprotected","lavenderblush3",45,0.669436378564714
"WGCNA_power8","unprotected","darkorange2",76,0.663911832308514
"WGCNA_power8","protected","paleturquoise",136,0.772310317597411
"WGCNA_power8","protected","red",892,0.510837529580044
"WGCNA_power8","protected","tan",533,0.723258159189003
"WGCNA_power8","protected","turquoise",5499,0.696051264405829
"WGCNA_power8","protected","lightgreen",363,0.429734936718056
"WGCNA_power8","protected","magenta",672,0.447606150488799
"WGCNA_power8","protected","green",943,0.566225009844068
"WGCNA_power8","protected","grey60",364,0.842243003672866
"WGCNA_power8","protected","greenyellow",545,0.498279066543847
"WGCNA_power8","protected","brown",1651,0.555843073017485
"WGCNA_power8","protected","thistle1",41,0.64593604958961
"WGCNA_power8","protected","yellow",1334,0.530687167468097
"WGCNA_power8","protected","blue",3896,0.605062572261186
"WGCNA_power8","protected","darkorange",165,0.587396194525033
"WGCNA_power8","protected","salmon4",40,0.736372156815237
"WGCNA_power8","protected","skyblue",148,0.516258023138375
"WGCNA_power8","protected","darkgreen",259,0.427324474781881
"WGCNA_power8","protected","darkmagenta",116,0.541183267812317
"WGCNA_power8","protected","salmon",390,0.688019780736109
"WGCNA_power8","protected","orange",188,0.625430478067088
"WGCNA_power8","protected","darkolivegreen",131,0.573684526937698
"WGCNA_power8","protected","bisque4",53,0.568610395377378
"WGCNA_power8","protected","brown4",54,0.546692754975905
"WGCNA_power8","protected","black",848,0.70919331910674
"WGCNA_power8","protected","pink",771,0.590085391934127
"WGCNA_power8","protected","royalblue",295,0.555925915282315
"WGCNA_power8","protected","sienna3",111,0.498448696427033
"WGCNA_power8","protected","plum1",95,0.601806837266926
"WGCNA_power8","protected","darkturquoise",253,0.435812645487691
"WGCNA_power8","protected","purple",661,0.620757281615784
"WGCNA_power8","protected","lightsteelblue1",79,0.546607450007335
"WGCNA_power8","protected","lightyellow",320,0.554583499993091
"WGCNA_power8","protected","ivory",68,0.469278865568491
"WGCNA_power8","protected","midnightblue",375,0.720057068792439
"WGCNA_power8","protected","orangered4",93,0.538905098787415
"WGCNA_power8","protected","lightcyan",364,0.664125085358361
"WGCNA_power8","protected","darkred",292,0.717045742856752
"WGCNA_power8","protected","violet",133,0.508174788861697
"WGCNA_power8","protected","cyan",384,0.725352234011489
"WGCNA_power8","protected","yellowgreen",108,0.532481935328032
"WGCNA_power8","protected","skyblue3",104,0.60672608797171
"WGCNA_power8","protected","lightcyan1",75,0.544912427123084
"WGCNA_power8","protected","saddlebrown",145,0.805960768836289
"WGCNA_power8","protected","thistle2",47,0.761502882682992
"WGCNA_power8","protected","darkorange2",58,0.648728909660925
"WGCNA_power8","protected","darkslateblue",49,0.787477566440465
"WGCNA_power8","protected","darkgrey",221,0.61511700040349
"WGCNA_power8","protected","steelblue",136,0.689929897341628
"WGCNA_power8","protected","mediumpurple3",91,0.517733483456333
"WGCNA_power8","protected","white",165,0.777325981982186
"WGCNA_power8","protected","plum2",49,0.560106692261479
"WGCNA_power8","protected","floralwhite",67,0.577035371991123
"WGCNA_power8","protected","palevioletred3",30,0.608049213439574
